Ano,Trimestre,UF,UPA,V1008,V1014,V2003,VD4009,V4019,VD4012,VD4002,V2007,V2010,V2009,VD2002,VD2003,V1022,V1023,VD3004,V3002,VD4010,VD4011,V4018,V4025,V4040,VD4031,V1028,VD4016,VD4017
2025,3,52,520186547,7,12,2,1.0,,1.0,1.0,1,4,27,2,4,1,4,5.0,2.0,2.0,5.0,4.0,2.0,2.0,80.0,478.39172086,2000.0,2000.0
2025,4,25,250031904,1,12,1,,,,2.0,2,1,46,1,4,1,2,7.0,2.0,,,,,,,231.19422128,,
2023,2,53,530020176,13,11,5,,,,,2,1,10,8,6,1,1,2.0,1.0,,,,,,,289.210825,,
2024,4,31,310038583,9,11,2,,,,,2,1,15,3,3,1,4,3.0,1.0,,,,,,,729.98537799,,
2024,2,25,250022096,5,11,1,,,,,1,4,62,1,2,1,4,2.0,2.0,,,,,,,414.55087579,,
2023,4,26,260009260,1,11,2,8.0,2.0,2.0,1.0,1,4,55,2,3,2,4,2.0,2.0,2.0,7.0,1.0,,4.0,34.0,218.71665778,3000.0,3000.0
2023,4,42,420078772,9,10,1,9.0,2.0,1.0,1.0,1,1,50,1,4,2,4,5.0,2.0,4.0,7.0,1.0,,4.0,40.0,95.43741511,2500.0,2500.0
2023,2,28,280010676,5,10,3,,,,,1,1,18,3,3,1,1,5.0,2.0,,,,,,,274.9001937,,
2025,1,26,260010533,9,12,2,9.0,2.0,2.0,1.0,1,1,47,2,4,1,4,5.0,2.0,5.0,8.0,1.0,,3.0,40.0,1457.70850773,400.0,400.0
2024,3,13,130036609,5,12,2,,,,,1,1,6,3,3,1,1,1.0,1.0,,,,,,,557.88792612,,
2023,1,32,320009081,4,10,3,,,,,1,1,24,3,5,2,4,7.0,2.0,,,,,,,189.57132677,,
2023,3,33,330184750,9,11,1,9.0,2.0,2.0,1.0,1,4,45,1,2,1,2,5.0,2.0,4.0,5.0,1.0,,4.0,44.0,567.40640401,2400.0,2400.0
2023,1,15,150015620,9,10,3,1.0,,1.0,1.0,2,1,53,10,3,1,1,5.0,2.0,9.0,3.0,2.0,2.0,4.0,42.0,320.53823462,1953.0,1953.0
2025,4,23,230032060,9,12,1,,,,,1,1,63,1,1,1,4,2.0,2.0,,,,,,,243.42270063,,
2023,3,41,410062348,6,11,3,,,,,1,4,29,3,6,1,2,1.0,2.0,,,,,,,619.25508817,,
2024,4,13,130019093,2,11,2,1.0,,1.0,1.0,1,1,51,3,5,1,1,5.0,2.0,6.0,5.0,4.0,2.0,3.0,36.0,296.45047178,1500.0,1500.0
2024,2,35,350524090,9,11,2,4.0,,2.0,1.0,2,1,22,3,3,1,4,5.0,2.0,11.0,5.0,,,3.0,35.0,1524.24768853,900.0,900.0
2024,2,11,110001024,6,11,3,1.0,,1.0,1.0,2,4,45,3,3,1,1,6.0,2.0,9.0,4.0,2.0,2.0,4.0,40.0,76.8042067,2000.0,2000.0
2024,3,33,330288258,13,11,2,,,,,2,1,79,6,3,1,2,7.0,2.0,,,,,,,236.85095787,,
2023,4,32,320073950,3,10,1,8.0,1.0,1.0,1.0,1,1,37,1,1,1,4,5.0,2.0,4.0,5.0,1.0,,4.0,60.0,280.17489856,1000.0,1000.0
2025,2,23,230235522,9,12,1,1.0,,1.0,1.0,1,4,32,1,3,1,4,5.0,2.0,2.0,7.0,2.0,2.0,4.0,48.0,567.56975852,2000.0,2000.0
2023,3,29,290295981,13,10,3,,,,,1,4,9,3,3,1,4,2.0,1.0,,,,,,,1502.2478048,,
2023,3,28,280025869,4,11,4,,,,,1,4,2,3,4,1,4,,,,,,,,,381.2685713,,
2024,4,51,510024386,7,12,3,,,,,1,4,7,3,4,1,1,1.0,1.0,,,,,,,296.04138174,,
2023,4,31,310209345,11,10,3,,,,,1,1,23,12,3,2,4,5.0,2.0,,,,,,,394.7000139,,
2024,1,15,150034325,6,11,2,4.0,,2.0,1.0,2,4,56,2,4,1,1,3.0,2.0,11.0,9.0,,,1.0,8.0,351.98149472,150.0,150.0
2024,4,23,230082410,8,11,2,,,,,1,4,77,2,2,1,1,1.0,2.0,,,,,,,241.69994928,,
2023,4,29,290230966,12,11,1,2.0,,1.0,1.0,1,5,38,1,4,2,4,4.0,2.0,1.0,9.0,1.0,2.0,1.0,40.0,707.62731638,300.0,0.0
2024,3,15,150061470,13,12,2,9.0,2.0,2.0,1.0,1,1,47,2,2,2,4,1.0,2.0,1.0,6.0,1.0,,2.0,56.0,234.77862071,800.0,650.0
2023,1,13,130014164,4,10,3,,,,,2,4,1,3,5,1,1,,,,,,,,,285.86765162,,
2024,3,33,330242344,3,11,2,,,,,2,1,55,3,2,1,1,7.0,2.0,,,,,,,495.12946709,,
2025,4,32,320025680,7,12,1,2.0,,1.0,1.0,2,4,21,1,3,2,4,2.0,2.0,1.0,6.0,1.0,1.0,4.0,40.0,271.41203825,2000.0,1600.0
2023,3,31,310041210,7,10,1,9.0,1.0,1.0,1.0,1,1,74,1,4,1,1,7.0,2.0,7.0,2.0,1.0,,4.0,35.0,610.10458373,11000.0,11000.0
2023,4,24,240004163,8,11,1,,,,,2,4,25,1,4,1,1,5.0,2.0,,,,,,,454.94325223,,
2025,1,52,520037037,8,12,2,2.0,,1.0,1.0,2,1,51,2,4,1,2,5.0,2.0,4.0,5.0,3.0,2.0,4.0,40.0,1142.67038343,2800.0,2500.0
2025,4,31,310045322,13,12,1,7.0,,1.0,1.0,2,4,44,1,2,1,4,7.0,1.0,9.0,3.0,,2.0,4.0,48.0,198.07174244,3200.0,3200.0
2023,3,41,410116740,9,10,1,4.0,,2.0,1.0,2,4,38,1,3,1,4,1.0,2.0,11.0,5.0,,,2.0,48.0,568.07939296,1700.0,1700.0
2025,2,41,410255553,5,11,2,,,,,2,4,62,2,2,2,4,2.0,2.0,,,,,,,64.58660972,,
2024,1,53,530033750,2,11,2,1.0,,1.0,1.0,1,1,55,14,4,1,1,5.0,2.0,3.0,7.0,4.0,2.0,2.0,40.0,622.45847517,2200.0,2200.0
2024,3,28,280042692,3,12,1,9.0,2.0,1.0,1.0,1,4,62,1,1,1,1,5.0,2.0,10.0,2.0,1.0,,4.0,36.0,174.84182124,1420.0,1420.0
2025,2,31,310099721,10,11,3,1.0,,1.0,1.0,2,2,33,3,3,2,4,7.0,1.0,7.0,4.0,4.0,2.0,4.0,45.0,250.92717365,900.0,900.0
2025,4,14,140024005,12,13,3,,,,,1,1,83,6,3,1,2,2.0,2.0,,,,,,,30.24701696,,
2025,1,27,270043077,9,12,1,,,,,2,4,73,1,2,1,4,2.0,2.0,,,,,,,244.36729609,,
2024,3,52,520087599,2,11,1,,,,,2,1,26,1,4,1,4,5.0,2.0,,,,,,,749.38251605,,
2024,4,14,140002411,3,11,2,,,,,2,4,39,2,2,1,1,6.0,1.0,,,,,,,59.66338744,,
2025,3,33,330144976,11,12,2,,,,,1,1,69,2,2,1,1,7.0,2.0,,,,,,,527.5212421,,
2023,1,33,330316497,10,10,2,9.0,2.0,2.0,1.0,2,1,64,2,2,1,2,5.0,2.0,7.0,3.0,1.0,,4.0,40.0,165.52138735,1500.0,1500.0
2023,1,31,310253705,2,10,1,,,,,1,4,55,1,4,2,4,2.0,2.0,,,,,,,426.23829066,,
2023,4,11,110013782,2,11,1,,,,,2,1,47,1,4,1,4,5.0,2.0,,,,,,,273.12073943,,
2023,1,27,270005224,12,10,4,,,,,2,2,74,6,6,1,1,1.0,2.0,,,,,,,162.39618387,,
2025,2,15,150106434,6,12,2,9.0,2.0,2.0,1.0,2,2,22,2,4,1,4,5.0,2.0,10.0,5.0,1.0,,2.0,44.0,1419.68801964,4300.0,4300.0
2024,4,43,430093417,10,12,1,,,,,1,1,66,1,2,2,4,2.0,2.0,,,,,,,103.16741075,,
2024,1,26,260071103,14,10,3,,,,,1,1,16,8,4,1,1,3.0,1.0,,,,,,,320.82865672,,
2024,2,51,510031337,8,11,2,,,,,2,2,45,2,4,2,4,2.0,2.0,,,,,,,139.28551185,,
2024,2,43,430059513,14,11,3,,,,,1,1,13,3,4,1,4,2.0,1.0,,,,,,,482.51864467,,
2023,4,29,290043908,14,10,1,,,,,1,4,60,1,7,2,4,1.0,2.0,,,,,,,128.5752731,,
2023,3,26,260061792,12,10,4,,,,,1,1,13,3,6,2,4,2.0,1.0,,,,,,,396.83997117,,
2024,3,22,220003083,5,12,7,,,,,1,4,21,4,8,1,4,5.0,2.0,,,,,,,232.42231428,,
2024,2,28,280040970,3,11,1,4.0,,2.0,1.0,2,4,53,1,2,1,4,2.0,2.0,11.0,5.0,,,3.0,40.0,179.49025674,400.0,400.0
2024,1,13,130054710,3,11,1,2.0,,2.0,1.0,1,4,44,1,3,2,4,4.0,2.0,1.0,6.0,1.0,2.0,4.0,40.0,32.03397794,1412.0,1412.0
2024,3,31,310233345,14,12,2,2.0,,2.0,1.0,2,4,42,2,4,2,4,2.0,2.0,6.0,5.0,1.0,2.0,4.0,60.0,165.32066587,1500.0,1500.0
2024,4,52,520014542,11,12,3,,,,,1,4,2,3,3,1,3,,,,,,,,,813.56993265,,
2025,3,27,270046083,7,12,4,,,,,2,4,7,3,4,1,4,2.0,1.0,,,,,,,213.22653552,,
2025,1,14,140012153,2,11,2,4.0,,2.0,1.0,1,4,34,2,4,2,4,5.0,2.0,11.0,9.0,,,2.0,40.0,99.8612407,750.0,750.0
2025,3,31,310386338,10,12,2,,,,,1,1,44,2,3,1,4,7.0,2.0,,,,,,,575.16561352,,
2024,2,35,350440350,10,11,5,,,,,2,4,90,6,5,1,1,2.0,2.0,,,,,,,1333.95358784,,
2023,4,41,410117489,13,10,1,9.0,1.0,1.0,1.0,1,1,66,1,3,1,2,3.0,2.0,6.0,5.0,1.0,,4.0,40.0,556.45400947,3000.0,3000.0
2025,3,33,330699208,1,12,2,9.0,1.0,2.0,1.0,2,1,72,2,3,1,2,5.0,2.0,4.0,5.0,1.0,,3.0,72.0,460.14997088,1000.0,1000.0
2024,1,21,210091079,8,11,2,1.0,,1.0,1.0,1,4,34,2,2,1,1,7.0,2.0,7.0,2.0,4.0,2.0,3.0,40.0,325.18897378,3000.0,3000.0
2024,1,41,410255553,3,10,1,9.0,2.0,1.0,1.0,1,1,45,1,2,2,4,5.0,2.0,4.0,5.0,1.0,,4.0,44.0,125.92391586,6000.0,10000.0
2024,2,29,290209068,10,11,1,1.0,,1.0,1.0,1,4,57,1,2,2,4,2.0,2.0,1.0,9.0,1.0,2.0,4.0,49.0,228.92976813,1412.0,1412.0
2025,2,26,260094690,4,12,1,2.0,,2.0,1.0,2,2,48,1,5,2,4,1.0,2.0,2.0,9.0,3.0,2.0,2.0,56.0,283.44139726,75.0,75.0
2023,1,35,350219855,5,10,1,1.0,,1.0,1.0,1,1,36,1,1,1,4,2.0,2.0,2.0,8.0,1.0,2.0,4.0,78.0,2935.68792877,3000.0,3700.0
2024,4,35,350550710,13,11,1,9.0,2.0,2.0,1.0,2,1,26,1,1,1,1,5.0,2.0,10.0,5.0,1.0,,2.0,40.0,1779.64459165,1000.0,1000.0
2024,4,17,170012338,8,11,4,,,,,1,2,12,3,4,2,4,2.0,1.0,,,,,,,69.98696615,,
2024,4,11,110000988,4,11,4,,,,,2,1,13,8,4,1,4,2.0,1.0,,,,,,,142.97663807,,
2023,1,13,130002818,9,10,1,,,,,2,4,35,1,4,1,4,5.0,2.0,,,,,,,445.8407291,,
2023,4,23,230026797,8,11,2,,,,,2,1,31,2,4,1,4,3.0,2.0,,,,,,,475.86466869,,
2023,1,53,530012155,13,10,2,1.0,,1.0,1.0,1,1,32,2,3,1,1,5.0,2.0,4.0,1.0,4.0,2.0,4.0,44.0,331.71715014,8000.0,8000.0
2023,3,31,310402083,9,10,1,1.0,,1.0,1.0,1,4,53,1,3,1,2,5.0,2.0,2.0,5.0,4.0,2.0,4.0,40.0,787.52824074,4000.0,4000.0
2024,2,28,280000376,2,11,1,9.0,2.0,2.0,1.0,2,1,31,1,2,1,4,7.0,2.0,10.0,5.0,1.0,,4.0,8.0,313.15014522,400.0,400.0
2023,3,33,330291473,9,11,2,8.0,2.0,2.0,1.0,1,2,42,3,3,1,2,5.0,2.0,3.0,7.0,1.0,,4.0,40.0,342.91452041,2500.0,2500.0
2025,3,41,410269002,10,12,1,,,,,2,1,34,1,5,1,2,5.0,2.0,,,,,,,1029.73264302,,
2023,4,35,350004460,4,10,2,9.0,2.0,1.0,1.0,1,1,26,3,4,1,4,5.0,2.0,4.0,9.0,1.0,,4.0,40.0,2489.0025825,750.0,750.0
2025,2,17,170015930,3,12,1,,,,,2,4,45,1,8,2,4,2.0,2.0,,,,,,,153.66306524,,
2023,4,15,150046748,2,11,1,,,,,2,1,75,1,2,1,2,1.0,2.0,,,,,,,297.74028348,,
2023,4,35,350542900,7,11,2,,,,,2,1,56,2,2,2,4,2.0,2.0,,,,,,,34.19090976,,
2024,4,41,410264900,8,11,4,,,,,2,4,11,3,5,1,4,2.0,1.0,,,,,,,582.3608056,,
2025,1,26,260115713,10,12,2,,,,,2,4,69,2,3,1,1,3.0,2.0,,,,,,,436.71697159,,
2023,2,42,420056657,5,10,3,,,,,2,1,10,3,3,1,4,2.0,1.0,,,,,,,252.26648889,,
2023,1,13,130033956,8,10,4,10.0,,2.0,1.0,1,4,19,3,4,2,4,5.0,2.0,4.0,5.0,1.0,,4.0,30.0,139.24714582,,
2025,2,12,120003368,14,12,2,,,,,1,4,68,2,3,1,1,2.0,2.0,,,,,,,53.42741723,,
2025,4,41,410188708,8,12,3,9.0,2.0,2.0,1.0,1,4,17,3,4,2,4,4.0,1.0,1.0,6.0,1.0,,3.0,16.0,117.19219018,1000.0,1000.0
2024,4,35,350193268,11,11,2,9.0,2.0,2.0,1.0,1,1,57,2,2,1,2,3.0,2.0,3.0,7.0,1.0,,4.0,40.0,1025.10103245,2000.0,2000.0
2025,3,21,210042123,11,12,2,9.0,2.0,2.0,1.0,1,4,44,2,5,2,4,5.0,2.0,1.0,6.0,1.0,,4.0,40.0,181.67564831,250.0,250.0
2023,4,25,250076252,7,11,1,2.0,,2.0,1.0,2,1,31,1,2,1,4,5.0,2.0,4.0,5.0,2.0,2.0,2.0,44.0,919.23041442,1000.0,1000.0
2024,3,21,210101249,2,11,3,,,,,1,2,16,3,4,1,4,4.0,1.0,,,,,,,193.264085,,
2025,2,51,510065083,3,11,2,,,,,1,1,67,2,4,2,4,2.0,2.0,,,,,,,87.88440198,,
2025,4,23,230151863,6,12,1,1.0,,1.0,1.0,2,4,30,1,2,1,2,5.0,2.0,2.0,8.0,4.0,2.0,4.0,40.0,1030.95513332,1612.0,1612.0
2023,2,31,310209602,8,11,1,1.0,,1.0,1.0,1,1,36,1,1,1,4,4.0,2.0,4.0,5.0,1.0,2.0,2.0,56.0,1392.97883974,1320.0,1320.0
2024,2,33,330337537,11,11,1,,,,,2,1,74,1,1,1,1,7.0,2.0,,,,,,,279.81348955,,
2025,1,51,510032828,8,12,1,,,,,1,4,78,1,2,1,2,1.0,2.0,,,,,,,253.58362041,,
2025,4,21,210083595,6,12,2,,,,,2,4,91,2,4,2,4,1.0,2.0,,,,,,,93.06331922,,
2025,1,25,250040487,1,12,3,6.0,,1.0,1.0,1,4,29,3,4,2,4,7.0,2.0,8.0,4.0,,1.0,1.0,40.0,197.85879382,1518.0,1518.0
2023,2,13,130024906,8,10,1,,,,2.0,2,4,51,1,3,1,1,7.0,2.0,,,,,,,354.66299135,,
2024,4,29,290133636,9,11,1,8.0,1.0,1.0,1.0,1,1,67,1,2,1,4,7.0,2.0,4.0,5.0,1.0,,4.0,40.0,879.29840372,4000.0,4000.0
2023,2,43,430054155,6,10,3,,,,,2,1,9,3,3,1,1,2.0,1.0,,,,,,,411.11473983,,
2023,4,51,510056049,14,10,1,9.0,2.0,2.0,1.0,1,1,32,1,2,1,4,5.0,2.0,2.0,7.0,1.0,,2.0,40.0,347.34841356,4000.0,4000.0
2024,4,24,240013538,9,11,2,,,,,2,1,18,3,4,1,4,2.0,2.0,,,,,,,504.56342924,,
2024,2,33,330316714,14,11,4,,,,,1,1,4,3,4,1,1,,,,,,,,,557.28363151,,
2025,1,41,410141688,7,12,2,8.0,1.0,1.0,1.0,2,4,55,2,4,1,4,6.0,2.0,4.0,5.0,1.0,,4.0,44.0,599.51047483,500.0,940.0
2023,3,41,410117854,2,11,1,1.0,,1.0,1.0,1,4,43,1,1,1,4,3.0,2.0,2.0,9.0,4.0,2.0,4.0,44.0,533.92707617,2500.0,3200.0
2025,3,42,420254100,3,12,1,9.0,1.0,2.0,1.0,2,4,40,1,2,2,4,2.0,2.0,1.0,6.0,1.0,,4.0,40.0,258.01657177,2000.0,2000.0
2023,4,29,290073973,5,11,1,,,,,1,4,25,1,2,2,4,5.0,2.0,,,,,,,436.16593923,,
2025,1,23,230024730,3,12,2,,,,,2,4,77,2,2,2,4,1.0,2.0,,,,,,,159.28670491,,
2025,3,25,250057979,13,12,2,,,,2.0,1,2,37,2,4,1,1,5.0,2.0,,,,,,,193.81189694,,
2023,2,42,420060114,7,10,1,9.0,2.0,2.0,1.0,1,2,41,1,3,1,1,2.0,2.0,10.0,2.0,1.0,,4.0,20.0,174.410248,2000.0,2000.0
2024,2,42,420072028,11,11,2,,,,,2,4,26,2,3,1,2,4.0,2.0,,,,,,,310.18895616,,
2025,1,35,350579910,10,11,1,4.0,,2.0,1.0,1,1,40,1,5,2,4,2.0,2.0,11.0,6.0,,,4.0,44.0,84.20068404,1200.0,1200.0
2025,3,29,290189270,10,12,3,,,,,1,4,1,3,3,1,1,,,,,,,,,655.955596,,
2025,4,31,310213304,12,12,1,,,,,2,4,27,1,3,2,4,5.0,2.0,,,,,,,172.23713692,,
2025,3,35,350645431,12,12,1,9.0,2.0,2.0,1.0,1,4,27,1,1,1,1,7.0,1.0,7.0,2.0,1.0,,4.0,40.0,2369.86181573,6000.0,6000.0
2023,4,32,320018826,3,11,1,4.0,,2.0,1.0,2,2,19,1,1,1,2,4.0,2.0,11.0,9.0,,,2.0,40.0,418.77482977,900.0,900.0
2025,4,32,320179262,6,12,3,,,,,1,4,5,3,4,1,4,1.0,1.0,,,,,,,155.90460692,,
2024,3,26,260003947,13,11,1,2.0,,2.0,1.0,2,4,30,1,3,2,4,5.0,2.0,2.0,8.0,1.0,1.0,4.0,40.0,260.1928182,600.0,500.0
2023,1,15,150001882,1,10,3,,,,,1,4,24,3,3,1,1,6.0,1.0,,,,,,,432.1128965,,
2024,1,13,130078098,13,10,2,,,,,1,1,24,3,3,1,1,6.0,1.0,,,,,,,269.97364226,,
2024,3,51,510043848,9,11,1,,,,,1,1,66,1,1,1,4,4.0,2.0,,,,,,,364.04489433,,
2023,2,42,420057181,12,10,4,,,,,1,1,3,3,4,1,4,,,,,,,,,248.57864879,,
2025,2,35,351276160,11,12,2,,,,,2,1,14,3,3,1,4,2.0,1.0,,,,,,,1232.83955269,,
2023,1,50,500048221,3,10,1,6.0,,1.0,1.0,2,4,59,1,2,1,1,7.0,2.0,8.0,2.0,,1.0,4.0,40.0,293.98102919,5500.0,5500.0
2023,1,33,330027035,12,10,1,,,,,2,4,94,1,1,1,2,2.0,2.0,,,,,,,362.2147982,,
2023,1,23,230075870,3,10,5,,,,,2,4,16,3,5,1,2,4.0,1.0,,,,,,,904.48475541,,
2023,4,21,210018259,10,10,1,9.0,1.0,2.0,1.0,2,4,56,1,2,2,4,5.0,2.0,4.0,5.0,1.0,,3.0,40.0,83.9535108,5000.0,6000.0
2025,3,33,330628076,2,12,2,,,,,1,4,36,2,5,2,4,4.0,2.0,,,,,,,163.11133693,,
2023,4,52,520089534,2,11,4,1.0,,1.0,1.0,1,4,18,3,5,1,4,4.0,1.0,4.0,4.0,3.0,2.0,2.0,24.0,614.17182346,660.0,660.0
2024,3,33,330185044,14,11,1,,,,,2,4,81,1,1,1,2,2.0,2.0,,,,,,,124.02062165,,
2024,2,27,270002724,8,11,1,,,,,2,4,50,1,3,1,1,2.0,2.0,,,,,,,151.28481241,,
2023,4,27,270074791,10,11,2,2.0,,2.0,1.0,1,4,45,2,4,2,4,5.0,2.0,1.0,9.0,1.0,1.0,1.0,7.0,166.04434464,200.0,200.0
2024,1,51,510039309,10,11,1,9.0,2.0,2.0,1.0,2,4,41,1,1,1,4,2.0,2.0,4.0,5.0,1.0,,1.0,4.0,164.45397009,270.0,170.0
2024,4,13,130109461,3,12,2,,,,2.0,1,4,29,3,3,1,1,5.0,2.0,,,,,,,523.3543863,,
2025,2,31,310636995,11,12,3,,,,,2,1,15,3,4,1,4,3.0,1.0,,,,,,,612.61044871,,
2024,3,51,510015420,14,11,1,2.0,,1.0,1.0,1,1,62,1,3,1,1,2.0,2.0,4.0,4.0,3.0,2.0,3.0,40.0,200.62961262,2800.0,2800.0
2023,4,41,410179734,3,11,1,,,,,1,1,18,1,2,1,4,3.0,1.0,,,,,,,305.72616198,,
2025,3,28,280081400,9,12,1,,,,,2,1,24,1,6,1,1,3.0,2.0,,,,,,,364.28090963,,
2025,4,35,351678948,5,12,2,2.0,,2.0,1.0,2,1,17,3,3,1,2,4.0,1.0,4.0,5.0,4.0,2.0,2.0,30.0,1591.81043493,700.0,650.0
2023,3,21,210099700,8,11,4,,,,,2,2,18,3,4,1,4,5.0,2.0,,,,,,,413.96679676,,
2025,1,23,230066878,10,12,1,,,,,2,4,37,1,3,2,4,5.0,2.0,,,,,,,277.12589139,,
2023,1,31,310398194,6,10,4,,,,,2,1,1,3,4,2,4,,,,,,,,,67.33289998,,
2025,4,41,410146970,5,12,1,,,,,2,4,30,1,5,1,4,2.0,2.0,,,,,,,568.18460319,,
2024,2,29,290113604,12,11,2,,,,,2,4,79,2,4,2,4,2.0,2.0,,,,,,,504.77665489,,
2024,2,31,310250028,4,11,2,,,,,1,4,8,3,2,1,1,2.0,1.0,,,,,,,334.25446544,,
2024,4,35,351315163,7,12,1,1.0,,1.0,1.0,2,1,44,1,4,1,4,7.0,2.0,10.0,3.0,3.0,2.0,4.0,30.0,573.43043374,2800.0,2800.0
2024,4,33,330309658,14,12,1,6.0,,1.0,1.0,2,2,34,1,2,2,4,6.0,1.0,9.0,2.0,,1.0,4.0,40.0,93.66044095,2100.0,2100.0
2023,3,27,270027490,9,10,3,9.0,2.0,2.0,1.0,1,4,42,3,3,2,4,2.0,2.0,1.0,6.0,1.0,,4.0,24.0,61.53187448,600.0,600.0
2023,4,15,150085510,7,10,3,1.0,,1.0,1.0,2,1,30,5,3,1,1,5.0,1.0,7.0,4.0,4.0,2.0,3.0,40.0,654.03649801,1320.0,1320.0
2023,4,12,120004316,2,11,4,,,,,2,1,0,8,4,1,4,,,,,,,,,311.16789625,,
2025,4,42,420014069,14,12,3,,,,,2,1,8,3,3,1,2,2.0,1.0,,,,,,,280.32030949,,
2023,3,23,230015590,4,10,1,,,,,2,4,25,1,3,1,1,3.0,2.0,,,,,,,640.31426497,,
2023,4,17,170025280,8,11,2,2.0,,1.0,1.0,2,1,36,2,4,1,1,7.0,2.0,4.0,5.0,4.0,1.0,4.0,40.0,276.21518553,6700.0,6700.0
2023,3,31,310342334,9,10,1,1.0,,1.0,1.0,1,2,52,1,2,2,4,2.0,2.0,1.0,6.0,4.0,2.0,4.0,40.0,234.77407399,2800.0,2800.0
2023,2,35,350594902,6,10,1,,,,2.0,2,1,19,1,2,1,1,4.0,2.0,,,,,,,1656.41777813,,
2025,3,31,310310610,7,12,3,,,,,1,2,16,3,4,1,4,3.0,1.0,,,,,,,771.56919002,,
2024,2,12,120012264,4,11,5,,,,,1,4,89,6,5,1,1,1.0,2.0,,,,,,,62.17380243,,
2024,1,53,530010563,4,11,2,1.0,,1.0,1.0,2,1,41,6,2,1,1,5.0,2.0,4.0,5.0,4.0,2.0,4.0,44.0,451.99109917,1412.0,1412.0
2023,4,52,520051109,11,10,4,,,,,1,4,87,6,4,1,3,2.0,2.0,,,,,,,880.98573514,,
2025,3,24,240017313,5,12,2,,,,,2,4,61,2,2,2,4,5.0,2.0,,,,,,,191.36584275,,
2024,2,42,420032385,7,11,2,7.0,,1.0,1.0,2,1,31,2,2,1,4,7.0,1.0,8.0,3.0,,2.0,4.0,40.0,137.99969788,9000.0,9000.0
2024,1,23,230142763,3,11,2,1.0,,1.0,1.0,2,2,40,2,2,2,4,2.0,2.0,2.0,9.0,4.0,2.0,2.0,44.0,192.82420949,1000.0,1000.0
2025,1,42,420025657,10,11,2,5.0,,1.0,1.0,1,1,44,2,4,1,1,7.0,2.0,8.0,2.0,,1.0,4.0,30.0,237.00348266,5000.0,7000.0
2024,4,51,510006860,14,12,1,1.0,,1.0,1.0,2,2,34,1,7,1,1,5.0,2.0,7.0,3.0,3.0,2.0,1.0,3.0,467.4857811,500.0,500.0
2024,3,35,351095787,12,11,2,,,,2.0,2,4,34,2,4,1,2,5.0,2.0,,,,,,,1020.04135028,,
2024,3,31,310190765,2,12,4,9.0,2.0,2.0,1.0,1,4,15,3,5,2,4,2.0,1.0,1.0,9.0,1.0,,1.0,10.0,449.49549349,300.0,200.0
2023,2,43,430203936,8,10,3,,,,,1,1,3,3,3,2,2,,,,,,,,,384.56844761,,
2024,1,41,410183304,1,11,2,1.0,,1.0,1.0,1,4,24,2,4,1,4,4.0,2.0,4.0,7.0,2.0,2.0,4.0,44.0,841.81903294,1500.0,1500.0
2025,3,17,170032350,8,12,2,6.0,,1.0,1.0,1,4,44,2,3,1,4,5.0,2.0,8.0,3.0,,2.0,4.0,40.0,343.87884324,6000.0,6000.0
2025,2,42,420117463,12,12,3,2.0,,1.0,1.0,1,1,24,3,3,2,4,5.0,2.0,7.0,3.0,1.0,2.0,2.0,40.0,147.59076241,1700.0,1500.0
2025,1,29,290190855,11,12,1,9.0,2.0,2.0,1.0,2,2,54,1,1,2,4,2.0,2.0,1.0,6.0,1.0,,4.0,40.0,567.14765351,200.0,0.0
2025,2,21,210056139,2,12,2,,,,,1,1,63,2,4,2,4,2.0,2.0,,,,,,,82.16483464,,
2025,3,35,352421916,4,12,1,9.0,2.0,2.0,1.0,1,4,63,1,2,2,4,2.0,2.0,3.0,7.0,1.0,,4.0,40.0,356.26655088,3000.0,3000.0
2025,3,28,280118544,4,12,1,,,,,2,4,46,1,2,2,4,1.0,2.0,,,,,,,153.7120479,,
2025,3,27,270143811,12,12,6,,,,,2,4,0,3,6,2,4,,,,,,,,,96.75798932,,
2024,1,43,430135993,13,11,1,,,,,2,1,59,1,2,1,1,5.0,2.0,,,,,,,202.01977721,,
2025,3,11,110019138,1,12,4,,,,,1,4,2,3,4,2,4,,,,,,,,,120.28736843,,
2025,4,21,210309129,4,13,2,9.0,2.0,2.0,1.0,1,4,31,2,3,1,4,5.0,2.0,2.0,7.0,1.0,,4.0,44.0,304.56991879,900.0,900.0
2025,3,24,240039275,10,12,2,,,,,2,4,37,2,3,1,2,5.0,2.0,,,,,,,427.13763846,,
2023,1,33,330227105,9,10,1,,,,,2,2,50,1,2,1,1,2.0,2.0,,,,,,,325.69821277,,
2023,1,21,210056139,12,10,1,9.0,2.0,2.0,1.0,1,2,47,1,2,2,4,2.0,2.0,1.0,6.0,1.0,,4.0,16.0,52.4368955,300.0,300.0
2024,1,35,350232050,8,10,2,,,,,1,1,15,3,2,1,4,3.0,1.0,,,,,,,1325.7984118,,
2024,1,42,420201171,9,11,2,1.0,,1.0,1.0,1,1,17,3,4,1,4,4.0,1.0,2.0,4.0,3.0,1.0,3.0,44.0,260.38285534,2000.0,2000.0
2023,3,50,500038385,1,10,1,,,,,1,4,86,1,2,1,4,2.0,2.0,,,,,,,337.26040387,,
2025,1,31,310284664,7,11,1,1.0,,1.0,1.0,1,4,49,1,2,1,4,3.0,2.0,4.0,9.0,3.0,2.0,4.0,48.0,507.36689309,2000.0,4000.0
2024,2,31,310532336,14,11,2,1.0,,1.0,1.0,1,4,31,2,5,2,4,4.0,2.0,1.0,9.0,4.0,2.0,2.0,40.0,160.11581466,1412.0,1412.0
2023,2,35,350392509,12,10,3,,,,,1,4,11,3,3,2,4,2.0,1.0,,,,,,,435.48456809,,
2024,3,32,320016972,5,12,1,2.0,,2.0,1.0,1,2,21,1,2,1,4,4.0,2.0,3.0,7.0,4.0,2.0,2.0,35.0,201.3761594,2500.0,2500.0
2024,2,29,290068150,12,11,2,,,,,1,1,84,2,3,1,4,2.0,2.0,,,,,,,1150.08651286,,
2025,3,42,420203080,6,12,2,,,,,1,1,16,8,2,1,4,4.0,1.0,,,,,,,156.35040687,,
2023,1,42,420099270,14,10,1,,,,,2,4,65,1,1,1,4,1.0,2.0,,,,,,,203.54166595,,
2023,2,23,230022611,3,10,3,,,,,1,5,25,3,4,2,4,4.0,2.0,,,,,,,315.10345171,,
2025,2,26,260201897,8,12,4,6.0,,1.0,1.0,2,1,25,10,5,1,4,5.0,1.0,9.0,5.0,,2.0,3.0,40.0,774.11706416,1518.0,150.0
2024,4,31,310131650,6,11,3,2.0,,2.0,1.0,1,4,43,3,6,1,4,5.0,2.0,7.0,9.0,4.0,1.0,2.0,40.0,655.74308845,1412.0,1412.0
2023,4,15,150028253,9,10,2,,,,,1,1,70,2,5,1,4,4.0,2.0,,,,,,,520.2706086,,
2024,4,41,410077942,12,11,1,1.0,,1.0,1.0,1,1,50,1,1,2,2,2.0,2.0,4.0,8.0,4.0,2.0,3.0,42.0,561.19763866,2300.0,2800.0
2024,1,53,530003575,10,11,4,,,,,2,1,64,6,4,1,1,2.0,2.0,,,,,,,120.62997683,,
2024,4,33,330222702,4,11,1,,,,,1,1,81,1,2,1,2,5.0,2.0,,,,,,,210.42727889,,
2024,4,35,351263198,7,12,1,4.0,,2.0,1.0,2,1,52,1,2,1,2,3.0,2.0,11.0,9.0,,,4.0,30.0,1539.47643605,2000.0,2000.0
2025,1,41,410063551,7,11,3,,,,,2,1,11,3,4,1,1,2.0,1.0,,,,,,,399.93100915,,
2024,1,41,410013806,8,10,1,9.0,2.0,1.0,1.0,1,1,59,1,2,1,4,2.0,2.0,1.0,6.0,1.0,,4.0,50.0,54.40137675,3000.0,3000.0
2023,4,26,260205979,1,10,4,,,,,2,4,16,3,6,1,2,3.0,1.0,,,,,,,849.68665949,,
2023,1,14,140005149,4,10,5,,,,,2,4,16,12,6,1,1,4.0,1.0,,,,,,,107.22237858,,
2025,1,35,350123687,3,12,2,7.0,,1.0,1.0,2,4,49,2,3,2,4,7.0,2.0,9.0,2.0,,2.0,4.0,40.0,262.04532357,2400.0,2400.0
2025,4,12,120003167,12,12,2,2.0,,2.0,1.0,1,4,25,3,2,2,4,5.0,2.0,1.0,9.0,1.0,1.0,1.0,40.0,75.27729242,800.0,800.0
2024,3,50,500045687,3,11,1,9.0,2.0,1.0,1.0,1,4,53,1,2,1,1,2.0,2.0,2.0,7.0,1.0,,4.0,32.0,206.35118056,2600.0,2600.0
2025,4,33,330136192,7,12,2,9.0,2.0,1.0,1.0,1,4,44,2,4,1,4,2.0,2.0,1.0,6.0,1.0,,4.0,40.0,904.57946844,2500.0,2500.0
2025,3,35,351460076,14,12,4,,,,,1,1,7,3,4,2,2,1.0,1.0,,,,,,,166.56465724,,
2024,3,53,530026870,2,11,4,,,,,1,4,1,3,4,2,1,,,,,,,,,448.10466689,,
2024,3,35,350010580,3,11,1,2.0,,1.0,1.0,1,1,54,1,3,1,1,7.0,2.0,7.0,2.0,3.0,2.0,4.0,40.0,783.93722406,13500.0,13500.0
2025,4,35,350622431,4,12,6,,,,,1,1,4,3,6,1,4,,,,,,,,,1557.43164688,,
2024,3,27,270076102,4,11,1,,,,,2,4,25,1,4,2,4,2.0,2.0,,,,,,,109.65881232,,
2025,2,33,330136192,5,12,1,9.0,2.0,2.0,1.0,1,4,35,1,3,1,4,3.0,2.0,3.0,9.0,1.0,,2.0,40.0,914.03204517,1500.0,1500.0
2023,1,23,230085425,4,10,3,,,,,1,4,31,3,3,2,4,1.0,2.0,,,,,,,207.29981296,,
2023,1,50,500019746,11,10,1,,,,,1,3,56,1,2,1,4,2.0,2.0,,,,,,,221.92547403,,
2025,4,23,230077501,5,12,2,,,,,2,4,29,2,3,2,4,5.0,2.0,,,,,,,401.40872801,,
2023,3,17,170003621,13,11,2,,,,,1,2,62,2,2,1,1,2.0,2.0,,,,,,,125.66196124,,
2024,2,27,270028183,10,11,1,9.0,2.0,2.0,1.0,1,2,26,1,1,1,1,5.0,2.0,5.0,8.0,1.0,,3.0,70.0,224.98718087,1350.0,1350.0
2025,1,42,420085688,2,12,2,1.0,,1.0,1.0,2,1,27,2,2,1,1,7.0,2.0,9.0,2.0,4.0,1.0,1.0,48.0,164.63419453,4000.0,4000.0
2023,3,35,350615920,9,11,3,,,,,1,1,63,10,3,1,4,2.0,2.0,,,,,,,1129.07254473,,
2024,4,43,430097352,11,12,1,,,,,1,1,63,1,1,1,1,7.0,2.0,,,,,,,294.21487308,,
2025,1,51,510051124,10,12,1,1.0,,1.0,1.0,1,2,38,1,3,1,4,5.0,2.0,4.0,5.0,3.0,2.0,4.0,40.0,325.52528579,4500.0,4500.0
2023,4,16,160008910,6,11,4,9.0,2.0,2.0,1.0,1,4,35,14,6,1,1,7.0,2.0,10.0,2.0,1.0,,4.0,40.0,230.21568445,3960.0,3960.0
2023,2,25,250013837,6,10,4,,,,,1,4,9,3,4,1,1,2.0,1.0,,,,,,,253.1185517,,
2023,4,42,420114430,13,10,1,9.0,1.0,1.0,1.0,1,1,42,1,2,2,4,2.0,2.0,6.0,5.0,1.0,,3.0,24.0,178.55222744,1500.0,1500.0
2023,1,23,230073548,3,10,1,,,,,2,4,60,1,1,1,1,5.0,2.0,,,,,,,290.38918612,,
2023,2,25,250045541,12,10,2,,,,,1,2,59,2,3,2,2,2.0,2.0,,,,,,,208.41252623,,
2024,4,24,240041666,7,12,1,9.0,1.0,1.0,1.0,2,4,48,1,5,1,4,6.0,2.0,4.0,5.0,1.0,,4.0,40.0,196.83551687,1412.0,1412.0
2023,1,31,310032626,12,10,1,8.0,1.0,1.0,1.0,2,4,49,1,1,2,4,5.0,2.0,6.0,5.0,1.0,,4.0,92.0,31.43816404,4000.0,4000.0
2023,3,27,270071340,9,10,1,,,,,2,4,76,1,2,2,4,1.0,2.0,,,,,,,95.71680767,,
2024,1,53,530026706,9,11,1,,,,,2,4,30,1,6,1,1,4.0,2.0,,,,,,,293.59512097,,
2024,1,31,310124121,5,10,1,9.0,2.0,1.0,1.0,2,4,39,1,3,1,1,7.0,2.0,7.0,2.0,1.0,,4.0,40.0,804.54794383,2500.0,2000.0
2024,2,12,120006013,9,11,3,,,,,1,4,22,3,5,1,1,1.0,2.0,,,,,,,84.78457997,,
2023,4,43,430074010,14,11,2,2.0,,2.0,1.0,1,4,59,2,2,1,4,3.0,2.0,3.0,7.0,1.0,2.0,2.0,44.0,495.06156733,1500.0,1500.0
2024,4,52,520051768,13,12,1,,,,,2,2,57,1,3,1,2,2.0,2.0,,,,,,,476.1574971,,
2025,3,11,110005150,5,12,1,,,,,1,4,81,1,2,2,4,1.0,2.0,,,,,,,94.11696646,,
2023,1,26,260099880,11,10,2,,,,,2,4,4,3,2,1,4,,,,,,,,,497.01641142,,
2023,2,50,500038349,1,11,2,7.0,,1.0,1.0,2,4,42,2,2,2,4,3.0,2.0,9.0,5.0,,2.0,4.0,40.0,107.2815068,2500.0,2500.0
2024,1,43,430093819,6,11,1,1.0,,1.0,1.0,2,1,33,1,2,1,2,7.0,2.0,7.0,3.0,2.0,2.0,4.0,44.0,659.45664083,2500.0,2500.0
2024,4,28,280008964,2,11,2,,,,,1,4,72,2,3,2,4,2.0,2.0,,,,,,,81.56129086,,
2024,2,41,410064703,1,11,2,,,,,2,4,24,2,7,1,4,2.0,2.0,,,,,,,325.57589101,,
2023,3,42,420035062,12,11,1,9.0,2.0,2.0,1.0,1,1,53,1,2,1,4,5.0,2.0,3.0,7.0,1.0,,1.0,44.0,106.31649226,3000.0,3000.0
2025,4,21,210092894,7,12,3,1.0,,1.0,1.0,2,4,37,3,4,1,1,5.0,1.0,7.0,4.0,1.0,2.0,4.0,40.0,309.68012549,2000.0,2000.0
2023,1,31,310094680,7,10,1,9.0,2.0,2.0,1.0,1,1,36,1,3,2,4,5.0,2.0,1.0,6.0,1.0,,4.0,40.0,86.16248685,3000.0,3000.0
2023,1,51,510031247,3,10,1,9.0,1.0,1.0,1.0,1,1,60,1,2,1,4,5.0,2.0,4.0,5.0,1.0,,4.0,40.0,249.62140912,2500.0,2500.0
2024,2,43,430038256,2,11,3,,,,,1,1,15,3,5,2,4,3.0,1.0,,,,,,,125.66371789,,
2025,4,43,430409280,3,13,1,,,,,1,1,74,1,2,1,4,2.0,2.0,,,,,,,561.28048479,,
2025,3,25,250187252,8,12,1,4.0,,1.0,1.0,2,4,29,1,5,2,2,2.0,2.0,11.0,5.0,,,2.0,10.0,134.44917927,900.0,900.0
2023,4,51,510066519,13,11,3,9.0,2.0,2.0,1.0,1,4,30,3,6,1,4,4.0,2.0,5.0,8.0,1.0,,4.0,60.0,428.84439817,5000.0,6000.0
2024,4,25,250013471,11,12,2,,,,,1,4,79,2,2,1,1,5.0,2.0,,,,,,,267.42582668,,
2025,2,21,210152152,6,12,1,1.0,,1.0,1.0,2,4,53,1,1,1,4,2.0,2.0,6.0,5.0,1.0,2.0,4.0,46.0,184.15837394,1518.0,1518.0
2023,2,33,330070990,8,11,1,8.0,1.0,1.0,1.0,2,1,31,1,2,1,2,7.0,2.0,4.0,5.0,1.0,,4.0,45.0,397.85763165,3000.0,3000.0
2025,1,51,510054660,3,12,3,,,,,2,2,15,8,3,1,1,3.0,1.0,,,,,,,245.82880177,,
2024,1,12,120001135,8,11,4,,,,,1,4,2,3,4,2,4,,,,,,,,,64.16734865,,
2025,3,27,270007913,12,12,1,1.0,,1.0,1.0,1,4,39,1,1,1,1,5.0,2.0,7.0,4.0,4.0,2.0,4.0,30.0,213.39219488,1800.0,1800.0
2025,1,35,350714694,9,11,5,,,,,2,4,11,3,5,2,4,2.0,1.0,,,,,,,75.81494625,,
2024,2,22,220024210,3,11,3,,,,,2,4,13,3,3,1,4,2.0,1.0,,,,,,,211.89637292,,
2025,1,43,430113966,1,12,3,2.0,,2.0,1.0,1,1,25,3,4,1,1,6.0,1.0,9.0,3.0,4.0,1.0,2.0,30.0,566.67642281,700.0,700.0
2025,2,29,290133471,2,12,3,8.0,1.0,1.0,1.0,1,4,24,3,4,1,4,5.0,2.0,4.0,5.0,1.0,,4.0,44.0,1281.00823585,3000.0,3000.0
2024,2,11,110021750,3,11,3,,,,,2,4,9,8,4,1,4,2.0,1.0,,,,,,,264.58081596,,
2023,2,29,290205700,8,10,1,9.0,2.0,2.0,1.0,1,4,46,1,4,1,4,2.0,2.0,2.0,7.0,1.0,,4.0,40.0,1061.89818011,800.0,800.0
2024,1,35,351361080,2,11,1,,,,,1,1,67,1,2,1,4,7.0,2.0,,,,,,,1489.71510252,,
2023,4,22,220011460,4,11,2,2.0,,2.0,1.0,2,4,39,2,3,2,4,3.0,2.0,6.0,5.0,2.0,2.0,4.0,44.0,450.25057659,1320.0,1320.0
2024,4,41,410141470,12,11,1,9.0,1.0,1.0,1.0,2,1,47,1,3,1,1,5.0,2.0,6.0,5.0,1.0,,4.0,50.0,322.86276279,3000.0,3000.0
2023,1,42,420128674,4,10,2,1.0,,1.0,1.0,2,1,26,2,3,1,4,7.0,2.0,2.0,4.0,4.0,2.0,4.0,44.0,473.19556496,2300.0,2300.0
2023,3,21,210031020,13,11,3,,,,,2,4,26,3,5,1,3,5.0,2.0,,,,,,,423.55832414,,
2024,4,31,310131433,11,12,3,1.0,,1.0,1.0,1,1,24,3,3,1,2,5.0,2.0,6.0,5.0,3.0,2.0,4.0,42.0,984.46908369,3200.0,3500.0
2023,1,35,350060072,7,10,2,4.0,,2.0,1.0,2,1,42,2,3,1,4,2.0,2.0,11.0,9.0,,,4.0,40.0,1729.51114146,2400.0,2400.0
2024,1,24,240019348,13,11,1,4.0,,2.0,1.0,2,4,45,1,3,1,4,3.0,2.0,11.0,5.0,,,4.0,40.0,299.61877392,500.0,500.0
2025,2,35,350454352,5,12,1,1.0,,1.0,1.0,2,1,42,1,4,1,4,7.0,2.0,9.0,2.0,4.0,2.0,4.0,36.0,940.19030702,6500.0,6500.0
2024,4,13,130074648,7,11,4,,,,,2,1,2,3,4,2,4,,,,,,,,,215.7006684,,
2023,3,43,430172372,14,10,2,1.0,,1.0,1.0,2,4,40,2,3,1,4,5.0,2.0,2.0,3.0,4.0,2.0,3.0,44.0,584.57069783,2000.0,2000.0
2023,4,31,310410486,5,10,1,,,,,2,4,56,1,1,1,2,3.0,2.0,,,,,,,600.3023353,,
2023,3,24,240006286,4,10,4,,,,,2,4,0,3,4,1,4,,,,,,,,,661.24972393,,
2025,1,23,230078327,8,11,2,,,,,1,1,55,2,2,1,4,1.0,2.0,,,,,,,331.49207222,,
2025,4,42,420018567,4,12,2,9.0,1.0,1.0,1.0,2,1,30,2,2,1,4,7.0,2.0,7.0,2.0,1.0,,4.0,40.0,264.01455056,4000.0,4000.0
2025,4,28,280079829,10,12,3,,,,,2,4,8,3,4,1,2,2.0,1.0,,,,,,,123.01244472,,
2023,3,35,350714414,7,11,1,,,,,2,1,78,1,1,2,4,2.0,2.0,,,,,,,42.76105351,,
2025,3,51,510046914,1,12,3,,,,,1,2,3,3,3,1,1,,,,,,,,,256.94352148,,
2024,3,32,320029190,4,12,1,,,,,2,1,84,1,3,1,1,5.0,2.0,,,,,,,122.3562195,,
2025,2,27,270031883,13,11,1,9.0,2.0,2.0,1.0,2,4,27,1,5,2,4,3.0,2.0,10.0,7.0,1.0,,4.0,6.0,124.19085712,150.0,100.0
2025,4,43,430080441,13,12,1,,,,,2,1,37,1,3,1,4,7.0,2.0,,,,,,,708.87034642,,
2024,3,29,290115461,6,11,1,,,,,2,4,78,1,4,2,4,2.0,2.0,,,,,,,317.41771159,,
2024,1,32,320020735,14,11,4,,,,,1,4,10,8,4,1,4,2.0,1.0,,,,,,,238.16330097,,
2025,1,21,210023162,1,11,4,,,,,1,4,15,8,5,2,4,2.0,1.0,,,,,,,91.8949821,,
2023,4,41,410067103,1,11,2,2.0,,2.0,1.0,1,1,54,2,2,1,4,1.0,2.0,1.0,9.0,1.0,2.0,4.0,40.0,401.76333053,1500.0,1500.0
2024,1,33,330109279,10,11,2,9.0,2.0,2.0,1.0,2,4,52,2,2,1,4,5.0,2.0,7.0,2.0,1.0,,3.0,40.0,551.74043715,500.0,500.0
2023,1,35,350550848,1,10,2,3.0,,1.0,1.0,2,5,55,2,3,1,1,5.0,2.0,11.0,9.0,,,4.0,40.0,725.77333029,2000.0,2000.0
2023,2,11,110015581,9,10,2,,,,,2,4,61,2,3,1,4,1.0,2.0,,,,,,,178.59343699,,
2024,3,28,280013347,3,11,3,,,,,1,2,12,3,3,2,4,2.0,1.0,,,,,,,287.78455921,,
2025,4,32,320065680,12,12,1,9.0,2.0,2.0,1.0,1,4,61,1,1,1,2,2.0,2.0,3.0,7.0,1.0,,4.0,40.0,196.31510348,1600.0,1600.0
2024,2,21,210046613,13,11,2,,,,,1,4,13,3,2,1,4,2.0,1.0,,,,,,,207.74684819,,
2024,4,13,130074967,13,11,1,1.0,,1.0,1.0,1,2,50,1,3,1,1,5.0,2.0,2.0,7.0,4.0,2.0,3.0,40.0,468.9708302,4200.0,4200.0
2025,4,29,290404638,1,13,3,,,,,1,2,10,3,5,2,4,2.0,1.0,,,,,,,400.31199344,,
2025,4,25,250148764,11,13,2,7.0,,1.0,1.0,2,1,45,2,3,1,4,7.0,2.0,9.0,2.0,,2.0,4.0,50.0,132.30871875,3800.0,3800.0
2024,1,35,350191500,5,11,1,,,,,2,1,53,1,3,2,4,7.0,2.0,,,,,,,315.62314318,,
2025,4,23,230393771,9,13,2,1.0,,1.0,1.0,1,4,46,2,3,1,2,5.0,2.0,4.0,9.0,4.0,2.0,4.0,44.0,473.07298547,1518.0,1518.0
2025,4,35,350144163,13,12,3,,,,,2,1,15,3,3,1,2,3.0,1.0,,,,,,,1017.36847376,,
2024,4,35,350414380,8,11,1,1.0,,1.0,1.0,1,1,55,1,4,2,4,2.0,2.0,1.0,8.0,4.0,2.0,4.0,40.0,368.60960646,3200.0,3200.0
2024,1,16,160002843,14,10,1,6.0,,1.0,1.0,1,4,35,1,6,1,4,3.0,2.0,8.0,4.0,,1.0,4.0,52.0,229.06864476,1536.0,1536.0
2024,3,35,351221743,8,12,3,1.0,,1.0,1.0,1,1,37,4,3,1,1,5.0,2.0,7.0,4.0,4.0,2.0,4.0,44.0,1792.25012216,1412.0,1412.0
2025,2,27,270035641,12,12,1,,,,,2,4,27,1,8,1,1,2.0,2.0,,,,,,,178.64664082,,
2025,1,31,310556480,4,11,1,9.0,2.0,1.0,1.0,1,2,57,1,2,1,4,7.0,2.0,5.0,8.0,1.0,,4.0,60.0,534.55391654,3000.0,3000.0
2025,2,41,410142231,11,12,3,9.0,2.0,1.0,1.0,1,1,34,3,6,2,4,5.0,2.0,1.0,6.0,1.0,,4.0,40.0,217.59782404,1500.0,1500.0
2024,2,15,150112870,13,11,1,10.0,,2.0,1.0,2,4,60,1,8,2,4,5.0,2.0,2.0,8.0,1.0,,4.0,30.0,326.18700436,,
2023,3,53,530027856,6,11,5,,,,,1,4,8,3,6,1,1,2.0,1.0,,,,,,,318.02416168,,
2025,2,26,260193107,11,12,1,,,,,1,4,58,1,2,2,4,1.0,2.0,,,,,,,221.98759999,,
2025,3,33,330773471,7,12,1,,,,,2,1,75,1,2,1,1,5.0,2.0,,,,,,,877.66589536,,
2023,3,33,330227016,14,10,1,2.0,,2.0,1.0,2,1,51,1,4,2,4,2.0,2.0,1.0,9.0,1.0,2.0,4.0,50.0,349.05976925,600.0,600.0
2023,1,35,351121640,14,10,1,4.0,,2.0,1.0,2,4,42,1,3,1,4,5.0,2.0,11.0,5.0,,,3.0,40.0,493.13006919,1300.0,1300.0
2023,2,43,430180253,12,11,2,10.0,,2.0,1.0,2,1,45,2,3,2,4,6.0,2.0,1.0,6.0,1.0,,4.0,40.0,128.3409556,,
2023,4,11,110012740,10,11,3,,,,,2,4,4,3,3,2,4,,,,,,,,,120.4383202,,
2023,4,52,520075916,1,11,3,9.0,2.0,2.0,1.0,1,1,42,3,3,2,4,5.0,2.0,1.0,6.0,1.0,,4.0,56.0,215.57174866,3000.0,2800.0
2024,2,35,350074565,10,11,1,,,,,1,1,65,1,3,1,4,7.0,2.0,,,,,,,1538.97389387,,
2024,3,31,310168369,5,11,2,9.0,1.0,1.0,1.0,2,4,29,2,3,1,4,2.0,2.0,7.0,5.0,1.0,,4.0,44.0,1046.55712493,4000.0,4000.0
2025,2,16,160002142,11,12,3,,,,,1,4,13,3,4,1,2,2.0,1.0,,,,,,,139.59321933,,
2024,4,17,170000636,13,11,1,1.0,,1.0,1.0,2,2,33,1,2,1,4,5.0,1.0,4.0,5.0,1.0,2.0,2.0,36.0,209.83412509,706.0,1336.0
2024,1,50,500072230,6,11,3,2.0,,2.0,1.0,2,4,38,3,5,1,4,5.0,2.0,5.0,5.0,4.0,1.0,2.0,44.0,329.3238642,1412.0,1320.0
2023,2,32,320073215,13,10,1,9.0,2.0,2.0,1.0,1,4,42,1,4,2,4,2.0,2.0,1.0,6.0,1.0,,4.0,50.0,120.70534528,800.0,800.0
2024,3,43,430213418,8,11,2,9.0,1.0,1.0,1.0,1,1,37,2,4,1,2,2.0,2.0,2.0,7.0,1.0,,4.0,40.0,531.65758489,2000.0,2000.0
2023,4,25,250004628,9,11,2,9.0,2.0,2.0,1.0,1,4,32,2,4,1,4,5.0,2.0,3.0,7.0,1.0,,4.0,40.0,252.71825777,2000.0,2000.0
2024,4,43,430018514,3,11,1,,,,,1,4,76,1,1,1,4,7.0,2.0,,,,,,,354.42567444,,
2024,2,11,110002681,11,11,2,2.0,,2.0,1.0,2,4,52,3,4,1,1,5.0,2.0,6.0,5.0,1.0,2.0,4.0,40.0,253.63311568,1415.0,1415.0
2023,1,31,310173253,12,10,3,,,,,1,4,17,8,4,2,4,4.0,1.0,,,,,,,285.72109504,,
2023,4,21,210095935,4,10,3,2.0,,2.0,1.0,1,4,19,3,6,1,4,5.0,2.0,6.0,8.0,1.0,2.0,2.0,24.0,413.57895294,1600.0,1600.0
2025,1,27,270030274,1,12,4,,,,2.0,1,4,18,3,4,2,4,5.0,2.0,,,,,,,56.44902627,,
2024,3,17,170024379,2,11,2,2.0,,2.0,1.0,1,4,49,2,5,1,1,2.0,2.0,3.0,9.0,4.0,2.0,2.0,40.0,224.55857691,2000.0,2000.0
2024,3,50,500006268,7,11,3,,,,,2,4,3,3,3,1,1,,,,,,,,,167.0272882,,
2024,3,15,150079702,9,11,1,,,,,2,4,24,1,4,2,4,3.0,2.0,,,,,,,462.32235852,,
2024,4,16,160008472,13,11,2,,,,,2,4,74,6,2,1,2,7.0,2.0,,,,,,,111.8553904,,
2024,2,33,330063029,9,11,4,,,,,1,1,3,3,6,1,4,,,,,,,,,170.40573263,,
2023,3,15,150081565,9,11,4,,,,,1,4,19,3,4,1,4,5.0,1.0,,,,,,,790.28150881,,
2023,2,35,351160559,12,10,1,,,,,1,1,63,1,1,1,4,2.0,2.0,,,,,,,1447.92157861,,
2025,3,52,520157125,13,12,2,1.0,,1.0,1.0,2,2,61,2,2,1,2,3.0,2.0,4.0,4.0,1.0,2.0,4.0,50.0,475.29202491,2000.0,2000.0
2025,1,29,290103835,6,11,2,,,,,2,4,20,3,4,2,4,5.0,2.0,,,,,,,150.5183522,,
2025,3,26,260351137,9,12,3,,,,,1,1,23,4,4,1,4,5.0,2.0,,,,,,,603.01585015,,
2023,2,27,270010160,14,11,1,,,,,2,4,61,1,2,2,4,1.0,2.0,,,,,,,28.10093256,,
2025,4,22,220026502,8,12,2,,,,2.0,2,1,28,2,2,1,1,6.0,2.0,,,,,,,613.55737728,,
2023,3,31,310547144,5,10,2,8.0,1.0,1.0,1.0,1,4,48,2,3,1,4,3.0,2.0,4.0,1.0,3.0,,4.0,44.0,1201.22310053,6000.0,6000.0
2023,4,27,270075808,9,10,4,,,,,2,4,8,8,4,1,4,2.0,1.0,,,,,,,165.24082118,,
2025,3,12,120007246,10,12,2,2.0,,2.0,1.0,1,4,44,3,4,1,1,7.0,1.0,4.0,5.0,1.0,2.0,4.0,44.0,124.74191287,2000.0,2000.0
2023,1,35,350482630,9,10,4,,,,,2,1,6,3,4,2,4,1.0,1.0,,,,,,,234.66965396,,
2023,4,43,430020392,11,11,2,4.0,,2.0,1.0,2,1,57,2,4,1,2,1.0,2.0,11.0,9.0,,,2.0,27.0,693.84537217,1300.0,1300.0
2023,2,31,310134946,5,11,4,,,,,2,4,16,3,4,1,2,4.0,1.0,,,,,,,915.53287221,,
2023,4,51,510088991,3,11,1,,,,,2,4,26,1,3,2,4,7.0,2.0,,,,,,,313.89642357,,
2024,3,33,330405733,14,12,1,,,,2.0,1,1,39,1,5,1,2,6.0,2.0,,,,,,,432.09055476,,
2023,4,29,290105880,8,11,1,9.0,2.0,2.0,1.0,1,2,26,1,2,1,4,4.0,2.0,10.0,5.0,1.0,,4.0,48.0,356.39875976,600.0,600.0
2023,2,26,260194010,7,11,3,,,,,2,4,94,6,5,1,1,1.0,2.0,,,,,,,322.92781773,,
2025,3,41,410359925,4,12,2,,,,,1,4,7,3,4,1,2,2.0,1.0,,,,,,,737.51492645,,
2024,3,12,120011296,3,11,1,,,,,2,4,56,1,1,2,4,1.0,2.0,,,,,,,29.49550446,,
2023,2,14,140014242,1,10,3,,,,,2,4,0,3,4,1,1,,,,,,,,,397.88540273,,
2025,3,32,320091426,11,12,2,,,,,2,1,56,2,3,1,2,7.0,2.0,,,,,,,275.77372663,,
2023,2,13,130074310,12,10,3,,,,,2,4,9,3,5,1,1,2.0,1.0,,,,,,,465.23613847,,
2023,1,42,420089521,3,10,1,1.0,,1.0,1.0,2,1,37,1,4,2,4,4.0,2.0,2.0,8.0,2.0,2.0,4.0,40.0,112.36896255,1500.0,1500.0
2025,4,31,310563378,14,12,2,10.0,,2.0,1.0,2,1,41,2,4,2,4,2.0,2.0,1.0,6.0,1.0,,4.0,56.0,231.55680146,,
2023,3,43,430148907,8,10,5,,,,,2,1,4,3,5,1,1,,,,,,,,,259.81865977,,
2024,1,32,320041619,11,10,1,6.0,,1.0,1.0,2,4,47,1,1,1,4,5.0,2.0,9.0,9.0,,1.0,1.0,20.0,193.72113859,1420.0,1420.0
2024,4,33,330219954,11,11,1,9.0,2.0,1.0,1.0,1,2,52,1,1,1,4,2.0,2.0,1.0,6.0,1.0,,4.0,40.0,429.64911541,1500.0,1500.0
2023,3,26,260035001,9,10,1,,,,,1,1,75,1,2,1,2,2.0,2.0,,,,,,,528.89861792,,
2024,2,43,430156681,8,11,2,1.0,,1.0,1.0,1,1,25,2,3,2,4,5.0,2.0,5.0,8.0,3.0,2.0,2.0,60.0,402.7269629,3000.0,3000.0
2023,2,32,320063400,11,10,1,1.0,,1.0,1.0,2,1,33,1,1,1,2,5.0,1.0,7.0,5.0,4.0,2.0,2.0,48.0,211.84470536,2200.0,2200.0
2023,3,26,260129799,8,11,4,,,,,1,4,0,3,6,1,4,,,,,,,,,622.78912784,,
2023,1,50,500021996,4,10,3,9.0,2.0,2.0,1.0,1,4,67,13,3,1,4,1.0,2.0,4.0,9.0,1.0,,4.0,20.0,240.47547654,150.0,150.0
2025,4,35,350418550,3,12,1,,,,,2,1,62,1,1,1,1,7.0,2.0,,,,,,,1188.04283364,,
2024,3,51,510050576,13,11,3,,,,,2,4,14,3,6,1,1,2.0,1.0,,,,,,,410.83663157,,
2023,1,21,210056475,5,10,1,,,,,1,4,44,1,1,2,4,2.0,2.0,,,,,,,111.32406172,,
2025,1,35,351255436,2,11,1,9.0,2.0,2.0,1.0,1,2,60,1,3,1,1,3.0,2.0,5.0,9.0,1.0,,2.0,8.0,654.20329086,800.0,600.0
2024,2,31,310287220,3,11,2,2.0,,2.0,1.0,1,2,34,2,4,1,4,2.0,2.0,2.0,7.0,2.0,2.0,2.0,24.0,884.28658857,700.0,700.0
2023,3,15,150079626,3,10,1,8.0,2.0,2.0,1.0,2,1,66,1,2,2,4,2.0,2.0,1.0,1.0,1.0,,4.0,10.0,244.19910116,5000.0,0.0
2023,2,26,260073002,8,10,3,9.0,2.0,2.0,1.0,1,4,34,3,3,1,2,2.0,2.0,4.0,5.0,1.0,,4.0,30.0,731.21681488,2000.0,2000.0
2025,2,15,150118049,8,12,2,,,,,2,4,31,2,5,2,4,5.0,2.0,,,,,,,250.83070926,,
2023,3,42,420031010,13,10,5,,,,,2,4,5,3,5,1,4,1.0,1.0,,,,,,,351.89936899,,
2023,3,21,210046613,3,10,7,,,,,1,4,6,3,7,1,4,1.0,1.0,,,,,,,286.44841241,,
2024,3,27,270024166,7,11,2,,,,,2,2,28,3,5,1,4,3.0,2.0,,,,,,,297.92947687,,
2024,2,21,210051935,12,11,2,9.0,2.0,2.0,1.0,1,4,52,2,5,2,4,2.0,2.0,1.0,6.0,1.0,,4.0,40.0,91.84181167,500.0,500.0
2023,2,23,230044780,1,10,2,,,,,1,1,58,2,2,2,4,2.0,2.0,,,,,,,98.54858048,,
2025,4,14,140027410,3,12,2,2.0,,2.0,1.0,1,2,45,2,3,2,4,3.0,2.0,1.0,3.0,1.0,2.0,4.0,48.0,17.99269976,4500.0,4500.0
2024,1,42,420004296,9,11,2,,,,,2,1,77,2,2,1,4,2.0,2.0,,,,,,,94.98328944,,
2023,3,24,240008356,6,11,1,6.0,,2.0,1.0,2,4,38,1,5,2,4,5.0,2.0,9.0,3.0,,1.0,4.0,24.0,180.20421344,1320.0,1320.0
2023,1,42,420008233,11,10,5,,,,,2,4,15,8,10,1,2,2.0,1.0,,,,,,,425.88265418,,
2024,4,42,420075358,1,11,3,,,,,2,1,12,3,3,1,4,2.0,1.0,,,,,,,317.0631951,,
2023,2,21,210114750,9,10,2,4.0,,2.0,1.0,2,4,33,3,4,1,4,5.0,2.0,11.0,9.0,,,2.0,40.0,435.83667103,1200.0,1200.0
2025,1,35,350228407,7,11,1,,,,,2,1,64,1,1,1,4,6.0,2.0,,,,,,,733.79619503,,
2023,1,25,250030627,3,10,4,,,,,2,4,7,3,6,2,4,2.0,1.0,,,,,,,458.60559393,,
2025,3,50,500051708,6,12,3,,,,,2,4,9,3,4,1,4,2.0,1.0,,,,,,,502.52011633,,
2024,4,31,310375623,13,11,1,4.0,,2.0,1.0,1,2,64,1,2,1,4,2.0,2.0,11.0,6.0,,,1.0,24.0,618.61853527,600.0,550.0
2025,4,53,530051643,11,12,3,,,,,1,4,16,3,3,1,1,4.0,1.0,,,,,,,543.4924606,,
2025,4,52,520010854,10,12,1,,,,,2,4,25,1,4,1,3,3.0,2.0,,,,,,,697.66132721,,
2023,1,42,420063604,3,10,2,1.0,,1.0,1.0,1,1,32,2,2,1,4,7.0,2.0,2.0,7.0,4.0,2.0,3.0,40.0,232.3004902,3500.0,3500.0
2025,4,32,320133002,13,12,2,9.0,2.0,2.0,1.0,2,1,63,2,2,2,4,2.0,2.0,1.0,6.0,1.0,,4.0,20.0,311.86163011,2500.0,2500.0
2024,3,29,290128216,7,11,3,,,,,1,4,14,12,3,1,2,2.0,1.0,,,,,,,157.29273173,,
2024,3,25,250035905,6,11,2,6.0,,1.0,1.0,2,1,30,3,2,1,4,7.0,1.0,8.0,2.0,,1.0,4.0,45.0,445.38224939,5000.0,5000.0
2024,4,21,210099035,4,12,1,,,,2.0,2,4,20,1,1,1,4,5.0,2.0,,,,,,,631.64141521,,
2025,2,31,310086534,10,12,2,2.0,,2.0,1.0,1,4,49,2,3,1,4,2.0,2.0,1.0,6.0,2.0,1.0,4.0,50.0,513.84590615,2000.0,2000.0
2025,4,26,260376043,8,12,2,,,,,1,1,7,3,2,1,4,1.0,1.0,,,,,,,782.50169345,,
2024,1,25,250014014,2,11,1,,,,,2,4,23,1,3,1,4,3.0,2.0,,,,,,,140.24187574,,
2023,1,27,270071340,11,10,2,,,,,2,1,47,2,2,2,4,2.0,2.0,,,,,,,74.84892187,,
2025,2,23,230026797,9,12,3,,,,,2,4,13,3,3,1,4,2.0,1.0,,,,,,,518.22017972,,
2024,3,26,260052694,6,11,4,,,,,1,4,73,6,5,1,2,3.0,2.0,,,,,,,511.02278552,,
2025,4,33,330525569,11,12,2,,,,,1,4,81,2,2,1,2,2.0,2.0,,,,,,,379.65794076,,
2024,4,43,430136231,3,12,2,9.0,1.0,1.0,1.0,2,1,61,2,2,2,4,2.0,2.0,1.0,6.0,1.0,,4.0,50.0,464.00490245,1500.0,0.0
2023,4,12,120005209,1,11,2,9.0,2.0,2.0,1.0,2,1,29,2,4,1,4,5.0,1.0,10.0,5.0,1.0,,4.0,24.0,193.63515858,3000.0,3000.0
2024,3,41,410010454,9,12,2,,,,,2,1,80,2,2,1,4,2.0,2.0,,,,,,,135.22589688,,
2025,1,35,351331916,2,12,3,1.0,,1.0,1.0,2,1,30,3,4,1,1,6.0,1.0,4.0,5.0,4.0,2.0,2.0,48.0,1853.58539198,2500.0,2500.0
2025,1,52,520086425,11,12,2,,,,,2,1,15,2,3,2,3,2.0,2.0,,,,,,,278.02963932,,
2024,2,31,310381439,6,11,2,,,,,2,4,39,2,4,2,4,5.0,2.0,,,,,,,101.08704856,,
2024,3,24,240009291,8,11,1,,,,,2,1,61,1,7,1,2,5.0,2.0,,,,,,,703.47564086,,
2024,2,35,350601869,2,11,3,1.0,,1.0,1.0,2,4,27,3,3,1,1,7.0,1.0,7.0,3.0,4.0,2.0,2.0,40.0,1399.61048823,3800.0,3800.0
2023,1,22,220007203,2,10,2,,,,,1,4,63,2,2,2,3,1.0,1.0,,,,,,,138.56838814,,
2025,1,15,150061641,9,12,1,9.0,2.0,2.0,1.0,1,4,85,1,2,2,4,1.0,2.0,1.0,6.0,1.0,,4.0,40.0,171.33180571,700.0,700.0
2024,2,43,430052276,14,11,2,,,,,2,2,12,3,2,1,2,2.0,1.0,,,,,,,635.81633945,,
2025,4,27,270072549,11,12,1,5.0,,1.0,1.0,2,1,64,1,2,1,1,7.0,2.0,8.0,2.0,,1.0,2.0,10.0,147.83246312,4000.0,4000.0
2024,2,23,230194395,1,11,2,9.0,2.0,2.0,1.0,2,4,36,2,5,2,4,2.0,2.0,1.0,6.0,1.0,,4.0,20.0,202.30801978,100.0,100.0
2024,1,50,500046976,11,11,5,,,,,1,4,13,10,5,1,1,2.0,1.0,,,,,,,233.12546381,,
2023,2,32,320070502,11,10,2,1.0,,1.0,1.0,2,1,33,2,2,1,2,7.0,2.0,7.0,2.0,4.0,2.0,2.0,84.0,854.67716796,14000.0,14000.0
2023,1,50,500030395,8,10,3,,,,,2,1,5,3,3,1,4,1.0,1.0,,,,,,,409.93879589,,
2024,2,43,430264592,3,11,2,,,,,1,1,20,3,2,1,4,6.0,1.0,,,,,,,416.21461079,,
2023,4,29,290178893,9,11,2,2.0,,2.0,1.0,1,2,24,2,4,1,4,5.0,2.0,1.0,9.0,1.0,1.0,4.0,44.0,329.71491868,700.0,700.0
2023,4,33,330061680,2,10,2,9.0,2.0,2.0,1.0,1,4,52,6,2,1,1,1.0,2.0,3.0,7.0,1.0,,4.0,35.0,597.26518383,5000.0,5000.0
2024,1,27,270053257,13,11,2,,,,,1,4,61,2,4,1,4,2.0,1.0,,,,,,,123.74610521,,
2024,1,43,430194854,14,11,2,2.0,,2.0,1.0,1,1,48,2,2,1,2,5.0,2.0,1.0,5.0,3.0,2.0,4.0,40.0,509.62838367,1500.0,1500.0
2024,2,24,240017180,6,11,2,,,,,2,4,45,2,2,2,4,2.0,1.0,,,,,,,514.67481682,,
2023,4,27,270071378,2,10,2,,,,,2,4,49,2,4,1,4,5.0,2.0,,,,,,,181.48852142,,
2023,1,41,410066806,13,10,3,,,,,1,4,16,8,3,1,4,2.0,1.0,,,,,,,121.77847316,,
2023,3,28,280004042,1,10,2,,,,,2,2,75,2,5,2,4,1.0,2.0,,,,,,,121.65763523,,
2024,1,23,230154745,6,11,1,,,,,2,4,58,1,1,1,4,1.0,2.0,,,,,,,513.88885292,,
2024,3,35,350708662,4,11,2,1.0,,1.0,1.0,1,2,29,2,4,2,4,2.0,2.0,1.0,9.0,3.0,2.0,4.0,44.0,106.4775258,1512.0,1512.0
2024,4,25,250027224,4,12,4,,,,,2,1,12,3,4,1,1,2.0,1.0,,,,,,,306.53235838,,
2023,3,31,310567873,6,11,2,1.0,,1.0,1.0,2,1,50,2,2,1,4,7.0,2.0,2.0,4.0,4.0,2.0,4.0,40.0,150.68240338,3000.0,3000.0
2024,3,35,350232635,12,12,1,1.0,,1.0,1.0,2,1,19,1,2,1,4,4.0,2.0,4.0,9.0,4.0,2.0,2.0,44.0,1598.14834105,1200.0,1200.0
2025,1,25,250013828,10,12,2,,,,,1,4,10,3,2,2,4,2.0,1.0,,,,,,,188.7075174,,
2025,4,43,430495488,8,13,3,,,,,1,1,2,3,3,2,4,,,,,,,,,318.429689,,
2024,3,42,420088521,9,11,1,,,,,2,1,85,1,1,2,2,1.0,2.0,,,,,,,389.54841234,,
2024,3,35,351282229,12,12,6,,,,,2,1,2,3,6,1,2,,,,,,,,,2125.15497573,,
2025,2,31,310589604,7,11,1,8.0,1.0,1.0,1.0,1,4,41,1,2,1,2,6.0,2.0,2.0,3.0,1.0,,4.0,66.0,987.78518832,8000.0,8000.0
2023,3,43,430100338,6,10,1,,,,,2,1,62,1,3,1,4,2.0,2.0,,,,,,,509.57740398,,
2025,2,43,430163944,1,12,3,,,,,1,1,15,3,3,1,2,2.0,1.0,,,,,,,608.99414011,,
2024,4,26,260141241,13,11,1,,,,,2,4,56,1,4,1,2,2.0,2.0,,,,,,,736.77766718,,
2024,4,52,520158546,7,11,4,,,,,2,1,7,3,4,1,2,1.0,1.0,,,,,,,602.72601042,,
2024,3,42,420198762,3,12,2,,,,,2,4,53,2,3,1,2,5.0,2.0,,,,,,,335.07746176,,
2024,1,42,420189327,11,11,3,9.0,2.0,2.0,1.0,1,1,72,6,3,1,4,2.0,2.0,7.0,9.0,1.0,,4.0,44.0,220.01269196,1500.0,1500.0
2023,2,33,330138643,7,10,1,,,,,1,1,78,1,2,1,2,5.0,2.0,,,,,,,378.23755712,,
2023,3,17,170004055,10,10,5,,,,,1,1,6,3,6,1,4,1.0,1.0,,,,,,,441.94655099,,
2025,2,31,310198351,9,12,1,3.0,,1.0,1.0,2,4,44,1,2,1,1,2.0,2.0,11.0,9.0,,,4.0,40.0,516.21792681,1518.0,1518.0
2025,3,25,250078833,9,12,2,1.0,,1.0,1.0,2,1,56,2,2,1,4,2.0,2.0,2.0,8.0,4.0,2.0,4.0,44.0,258.78406339,1518.0,1518.0
2025,1,35,350706739,12,11,1,1.0,,1.0,1.0,1,1,59,1,3,2,4,2.0,2.0,1.0,6.0,2.0,2.0,4.0,48.0,36.93319144,2900.0,2900.0
2024,1,21,210066254,7,11,1,2.0,,2.0,1.0,1,4,35,1,3,2,4,4.0,2.0,1.0,9.0,1.0,1.0,1.0,20.0,104.86847408,150.0,150.0
2024,1,35,351130923,9,11,3,,,,,2,1,15,3,3,1,4,2.0,1.0,,,,,,,445.87891883,,
2023,1,15,150119853,8,10,1,10.0,,2.0,1.0,1,4,33,1,4,2,4,2.0,2.0,6.0,5.0,1.0,,3.0,40.0,446.22751742,,
2023,2,42,420176265,5,11,3,1.0,,1.0,1.0,1,1,21,3,3,2,4,5.0,2.0,1.0,9.0,1.0,2.0,3.0,44.0,143.05856713,1800.0,1800.0
2024,3,21,210082540,10,11,1,6.0,,2.0,1.0,1,4,37,1,5,2,4,5.0,2.0,9.0,2.0,,1.0,2.0,60.0,145.95433778,1412.0,1412.0
2024,3,35,350608005,3,12,3,1.0,,1.0,1.0,1,1,32,3,4,1,2,7.0,2.0,5.0,2.0,4.0,2.0,4.0,40.0,2064.16538312,15000.0,15000.0
2024,1,21,210039997,14,11,1,,,,,2,4,65,1,2,2,4,1.0,2.0,,,,,,,95.97228664,,
2023,2,26,260030060,6,10,5,,,,,1,4,10,3,6,1,4,2.0,1.0,,,,,,,853.94702346,,
2023,2,29,290135688,5,11,2,9.0,2.0,2.0,1.0,2,4,27,2,5,2,4,2.0,2.0,1.0,9.0,1.0,,4.0,35.0,263.87339707,150.0,0.0
2024,2,41,410266223,4,11,2,1.0,,1.0,1.0,2,1,41,2,4,1,4,5.0,2.0,9.0,3.0,2.0,2.0,4.0,40.0,921.35122694,1420.0,1420.0
2024,2,17,170025280,13,11,1,7.0,,1.0,1.0,1,1,53,1,1,1,1,7.0,2.0,9.0,2.0,,2.0,4.0,60.0,251.29282135,5000.0,5000.0
2024,2,31,310305363,12,11,2,1.0,,1.0,1.0,2,4,22,3,2,1,4,5.0,1.0,2.0,4.0,4.0,2.0,2.0,40.0,343.1081302,1800.0,1800.0
2024,1,15,150013582,7,11,3,1.0,,1.0,1.0,2,1,28,3,3,1,1,7.0,1.0,9.0,2.0,3.0,2.0,2.0,40.0,414.49904062,2500.0,2500.0
2023,2,35,350457228,8,10,1,,,,,2,1,32,1,4,1,2,5.0,1.0,,,,,,,1629.17720998,,
2025,1,33,330325400,11,11,3,,,,,2,1,21,3,4,1,1,6.0,1.0,,,,,,,892.94792173,,
2023,2,35,350122164,6,11,4,1.0,,1.0,1.0,2,4,15,3,4,1,4,3.0,1.0,4.0,5.0,1.0,2.0,2.0,24.0,2311.12764164,1000.0,1000.0
2024,1,13,130040616,11,11,1,9.0,2.0,2.0,1.0,1,4,23,1,4,2,4,5.0,2.0,1.0,6.0,1.0,,4.0,40.0,535.21780323,1000.0,1000.0
2025,4,28,280077529,8,13,5,2.0,,2.0,1.0,1,4,28,8,6,2,4,5.0,2.0,1.0,9.0,1.0,2.0,2.0,40.0,532.06640398,1300.0,1300.0
2025,4,42,420279062,5,13,1,,,,,1,1,74,1,2,2,4,2.0,2.0,,,,,,,119.45074009,,
2025,4,13,130000231,10,12,1,9.0,2.0,2.0,1.0,1,1,43,1,3,1,4,3.0,2.0,10.0,5.0,1.0,,4.0,20.0,237.70772784,3000.0,3000.0
2024,4,33,330094892,3,11,3,,,,,1,4,22,3,4,1,2,7.0,2.0,,,,,,,419.34026993,,
2024,4,42,420185821,9,12,1,,,,,2,1,33,1,2,1,4,7.0,2.0,,,,,,,351.58079378,,
2025,3,21,210046350,14,12,1,,,,,1,4,69,1,1,2,4,1.0,2.0,,,,,,,101.76033866,,
2023,2,11,110013107,3,11,3,,,,,1,4,0,3,4,1,1,,,,,,,,,177.49857561,,
2023,1,11,110022091,11,10,3,,,,,2,4,14,3,6,1,4,2.0,1.0,,,,,,,187.78207758,,
2024,1,12,120006169,9,11,1,,,,,2,4,72,1,2,1,1,2.0,2.0,,,,,,,61.15371119,,
2024,3,21,210152278,3,11,1,3.0,,1.0,1.0,2,2,44,1,2,1,1,5.0,2.0,11.0,9.0,,,4.0,40.0,302.91670266,1412.0,1412.0
2023,1,29,290137970,3,10,1,,,,,2,4,73,1,1,2,4,1.0,2.0,,,,,,,336.18335392,,
2023,1,15,150080309,9,10,4,,,,,1,4,14,8,7,1,1,1.0,2.0,,,,,,,310.2077105,,
2023,4,21,210079343,12,10,7,,,,,1,4,14,8,7,2,4,2.0,1.0,,,,,,,125.17684418,,
2023,3,51,510016330,8,10,2,9.0,2.0,2.0,1.0,1,1,43,2,2,1,4,2.0,2.0,5.0,9.0,1.0,,2.0,30.0,476.76539935,1320.0,1320.0
2025,2,41,410248500,5,12,1,7.0,,1.0,1.0,2,1,57,1,4,2,4,7.0,2.0,8.0,3.0,,2.0,4.0,20.0,120.81222181,4800.0,4800.0
2025,3,16,160004900,11,12,4,,,,,2,4,49,6,4,1,1,5.0,2.0,,,,,,,100.85327341,,
2024,4,41,410017484,1,12,2,1.0,,1.0,1.0,1,1,45,2,2,1,4,2.0,2.0,1.0,8.0,4.0,2.0,4.0,44.0,236.84480226,2100.0,2100.0
2025,2,43,430131009,2,11,5,,,,,2,1,10,3,5,2,4,2.0,1.0,,,,,,,383.7501841,,
2023,2,15,150072150,3,11,2,,,,,2,4,30,2,6,2,4,2.0,2.0,,,,,,,281.6461802,,
2024,2,21,210008601,11,11,1,,,,,2,4,48,1,7,1,4,2.0,2.0,,,,,,,487.80635927,,
2023,3,35,350352945,10,10,1,9.0,2.0,1.0,1.0,1,1,50,1,3,1,4,7.0,2.0,2.0,7.0,1.0,,2.0,40.0,2559.55159968,2500.0,2800.0
2024,2,41,410149493,14,11,1,,,,,2,1,67,1,2,1,4,2.0,2.0,,,,,,,149.5085977,,
2024,2,42,420043779,5,11,1,,,,2.0,1,4,47,1,3,1,2,3.0,2.0,,,,,,,262.82474722,,
2025,2,21,210091646,6,11,3,,,,,1,4,15,3,3,1,1,3.0,1.0,,,,,,,193.8941523,,
2025,3,32,320163220,3,12,2,,,,,1,1,74,2,2,1,1,7.0,2.0,,,,,,,99.27177853,,
2024,4,12,120000531,14,12,2,,,,,2,1,71,2,2,1,1,3.0,2.0,,,,,,,83.92688353,,
2023,3,27,270011356,9,11,1,1.0,,1.0,1.0,1,4,25,1,3,2,4,5.0,2.0,1.0,8.0,4.0,1.0,1.0,40.0,83.39932164,1320.0,1320.0
2024,1,31,310528685,3,11,1,,,,,1,2,51,1,4,1,2,6.0,2.0,,,,,,,1327.23831517,,
2025,1,33,330040669,12,11,3,,,,,1,1,15,3,3,1,2,3.0,1.0,,,,,,,556.68219674,,
2025,2,31,310327300,14,12,4,,,,,1,1,9,3,4,1,2,2.0,1.0,,,,,,,1166.17290372,,
2025,4,43,430213569,8,12,4,,,,,1,1,7,8,5,1,4,2.0,1.0,,,,,,,632.53232781,,
2025,2,31,310294512,11,12,3,,,,,1,1,9,3,4,1,4,2.0,1.0,,,,,,,993.23214393,,
2024,1,15,150019953,5,11,4,,,,,1,2,13,8,4,2,4,2.0,1.0,,,,,,,441.69921476,,
2025,4,42,420120679,10,12,3,,,,,2,1,10,3,3,1,4,2.0,1.0,,,,,,,229.35441593,,
2025,1,53,530024533,5,12,3,,,,,1,1,40,3,7,1,1,5.0,2.0,,,,,,,360.34949977,,
2023,4,26,260129799,6,11,1,9.0,2.0,2.0,1.0,1,4,64,1,1,1,4,1.0,2.0,1.0,6.0,1.0,,4.0,30.0,473.06722158,180.0,180.0
2024,3,35,351334631,7,11,3,1.0,,1.0,1.0,1,1,23,3,3,1,1,7.0,1.0,9.0,3.0,4.0,2.0,4.0,40.0,1643.10457043,2200.0,2200.0
2024,1,33,330198320,7,11,1,,,,2.0,2,1,53,1,3,1,4,2.0,2.0,,,,,,,746.84415392,,
2025,2,21,210091150,6,12,3,,,,,2,4,2,3,4,1,1,,,,,,,,,271.77732514,,
2023,1,52,520158104,3,10,4,,,,,2,4,4,3,6,1,2,,,,,,,,,272.25330139,,
2023,1,35,350387225,10,10,3,,,,,1,4,16,3,3,1,1,4.0,1.0,,,,,,,1382.56448336,,
2025,3,42,420128707,7,12,1,,,,,1,1,74,1,2,2,4,2.0,2.0,,,,,,,122.49459194,,
2023,4,15,150011924,13,10,1,,,,,2,4,73,1,2,1,1,5.0,2.0,,,,,,,319.29860666,,
2025,2,52,520098799,2,12,2,,,,,2,4,54,2,2,2,3,2.0,2.0,,,,,,,190.14906189,,
2023,3,32,320067621,11,11,2,,,,,2,1,84,2,2,1,4,1.0,2.0,,,,,,,143.05924803,,
2023,3,29,290132220,7,11,3,,,,,1,2,9,3,3,2,4,2.0,1.0,,,,,,,285.42490441,,
2025,4,26,260065483,4,12,1,7.0,,1.0,1.0,2,4,47,1,3,1,2,7.0,2.0,8.0,2.0,,2.0,4.0,40.0,792.24009226,5500.0,5500.0
2023,1,21,210035894,13,10,2,,,,2.0,2,4,31,2,4,1,2,5.0,2.0,,,,,,,590.77189415,,
2024,1,35,350078837,2,11,3,,,,,1,1,15,3,3,1,2,3.0,1.0,,,,,,,1548.96205406,,
2025,1,32,320030137,5,11,2,2.0,,1.0,1.0,2,2,40,2,3,2,4,3.0,2.0,1.0,6.0,1.0,1.0,4.0,48.0,166.10658282,2500.0,2500.0
2025,3,52,520007975,6,12,3,,,,,2,4,18,3,5,1,4,4.0,1.0,,,,,,,669.32273116,,
2024,1,31,310103408,12,10,4,,,,,1,1,12,3,4,1,4,2.0,1.0,,,,,,,1443.15350251,,
2024,2,33,330063029,10,11,2,1.0,,1.0,1.0,2,1,45,2,4,1,4,7.0,2.0,2.0,3.0,4.0,2.0,4.0,40.0,142.29346891,6000.0,6000.0
2024,3,29,290222982,4,11,1,1.0,,1.0,1.0,1,4,55,1,4,1,1,5.0,2.0,5.0,5.0,4.0,2.0,4.0,44.0,261.85001033,2500.0,2300.0
2025,2,31,310403274,11,11,3,,,,2.0,2,2,25,3,3,2,4,6.0,1.0,,,,,,,363.12626755,,
2023,3,21,210113685,8,11,3,,,,,1,4,11,4,4,2,4,2.0,1.0,,,,,,,233.08851728,,
2024,4,22,220004234,2,12,2,2.0,,1.0,1.0,2,4,25,2,2,1,4,6.0,1.0,4.0,5.0,1.0,2.0,4.0,30.0,236.75422048,1200.0,1200.0
2023,2,32,320031720,6,11,1,8.0,1.0,1.0,1.0,1,1,44,1,3,1,4,5.0,2.0,4.0,7.0,1.0,,4.0,44.0,262.42764254,4000.0,4000.0
2025,2,35,351369091,11,12,1,,,,,1,1,69,1,3,1,4,2.0,2.0,,,,,,,1148.80890504,,
2023,1,43,430026630,7,10,2,9.0,2.0,1.0,1.0,1,1,46,2,3,2,4,5.0,2.0,1.0,6.0,1.0,,4.0,45.0,390.82671577,2200.0,2200.0
2024,4,41,410031423,6,12,1,,,,,1,1,70,1,6,2,4,2.0,2.0,,,,,,,313.21617142,,
2023,4,24,240005142,8,11,3,6.0,,2.0,1.0,1,4,21,3,3,1,4,5.0,2.0,9.0,3.0,,1.0,2.0,40.0,650.50524385,1320.0,1320.0
2025,2,28,280053086,1,12,3,,,,,1,1,16,3,5,1,1,4.0,1.0,,,,,,,258.56572659,,
2024,2,12,120010061,6,11,3,,,,,2,1,14,8,4,1,4,2.0,1.0,,,,,,,121.58393186,,
2023,2,32,320023350,8,10,2,2.0,,2.0,1.0,1,4,20,2,2,2,4,2.0,2.0,1.0,6.0,1.0,2.0,2.0,40.0,119.2629631,840.0,840.0
2023,1,17,170012338,7,10,2,,,,,2,4,36,2,4,2,4,3.0,2.0,,,,,,,116.16108335,,
2025,3,35,351247441,9,12,2,9.0,2.0,2.0,1.0,1,1,62,2,5,1,4,2.0,2.0,9.0,3.0,1.0,,4.0,48.0,1252.14998624,5000.0,5000.0
2024,2,11,110007190,7,11,3,,,,,1,2,0,4,3,1,4,,,,,,,,,732.19869159,,
2023,3,33,330261462,11,11,3,,,,,1,1,13,3,5,1,2,2.0,1.0,,,,,,,569.91771716,,
2023,4,35,350094192,1,10,1,,,,2.0,1,4,29,1,4,1,4,4.0,2.0,,,,,,,1524.20432447,,
2023,3,31,310107011,6,10,1,,,,,1,4,34,1,5,1,3,5.0,2.0,,,,,,,271.30919789,,
2024,2,21,210113333,12,11,7,,,,,2,4,6,3,9,2,4,1.0,1.0,,,,,,,192.17441274,,
2023,2,15,150035939,7,10,1,1.0,,1.0,1.0,1,2,69,1,5,1,1,5.0,2.0,5.0,3.0,3.0,2.0,4.0,40.0,301.76671219,150000.0,150000.0
2025,2,23,230214111,4,12,2,,,,,2,4,49,6,2,1,4,7.0,1.0,,,,,,,608.70492466,,
2024,3,26,260226402,4,12,2,,,,,2,4,12,3,4,1,4,2.0,1.0,,,,,,,792.92769773,,
2024,3,35,351110608,14,12,1,9.0,2.0,2.0,1.0,1,1,26,1,2,1,2,7.0,2.0,7.0,2.0,1.0,,3.0,50.0,1313.98162939,3500.0,2800.0
2024,4,53,530056362,8,11,3,,,,,1,4,43,3,6,2,1,5.0,2.0,,,,,,,252.13096334,,
2023,2,14,140003450,12,10,4,,,,,2,4,18,3,4,1,1,4.0,1.0,,,,,,,48.80629852,,
2023,2,52,520017195,5,10,3,2.0,,2.0,1.0,2,4,19,3,5,1,4,4.0,2.0,4.0,5.0,1.0,2.0,2.0,50.0,441.41651435,1520.0,1520.0
2024,2,41,410100442,2,11,1,1.0,,1.0,1.0,1,1,22,1,1,1,4,5.0,1.0,2.0,8.0,4.0,2.0,3.0,48.0,147.63247645,2200.0,2000.0
2025,2,17,170019002,8,12,4,9.0,2.0,2.0,1.0,1,4,22,3,4,2,4,5.0,2.0,4.0,5.0,1.0,,3.0,20.0,110.01901498,800.0,800.0
2023,1,22,220049362,4,10,3,,,,,2,1,36,3,5,1,4,2.0,2.0,,,,,,,273.9514281,,
2025,1,29,290047909,13,11,1,9.0,2.0,2.0,1.0,1,4,67,1,4,1,4,2.0,2.0,5.0,8.0,1.0,,4.0,40.0,214.01475948,1000.0,1000.0
2025,3,52,520018386,5,12,3,1.0,,1.0,1.0,2,4,24,8,4,1,2,5.0,2.0,9.0,3.0,3.0,2.0,3.0,44.0,507.57194664,2600.0,2600.0
2024,1,23,230107200,10,11,2,2.0,,2.0,1.0,1,1,33,2,3,2,4,4.0,2.0,1.0,6.0,1.0,1.0,4.0,16.0,305.39204394,600.0,600.0
2023,4,41,410244753,13,11,1,,,,,2,1,59,1,3,1,4,2.0,2.0,,,,,,,407.41297635,,
2023,1,32,320078424,12,10,1,4.0,,2.0,1.0,2,1,60,1,2,1,4,2.0,2.0,11.0,9.0,,,4.0,5.0,44.53105194,450.0,450.0
2024,1,25,250057781,10,10,3,1.0,,1.0,1.0,2,1,20,8,3,1,1,6.0,1.0,7.0,4.0,3.0,2.0,3.0,40.0,188.33325788,1510.0,1510.0
2023,3,29,290261726,2,11,2,2.0,,2.0,1.0,2,4,32,2,3,2,4,2.0,2.0,4.0,5.0,4.0,1.0,2.0,50.0,187.31223471,1320.0,1320.0
2025,4,25,250072818,11,12,1,7.0,,1.0,1.0,1,4,48,1,3,1,4,5.0,2.0,9.0,3.0,,2.0,4.0,40.0,305.28647908,3036.0,3036.0
2025,3,28,280004814,2,12,1,,,,,2,4,66,1,1,2,4,1.0,2.0,,,,,,,71.35197938,,
2025,2,33,330189570,11,12,1,,,,,2,1,71,1,1,1,2,7.0,2.0,,,,,,,417.57438583,,
2023,4,52,520037912,7,11,5,9.0,2.0,2.0,1.0,1,4,62,11,5,1,1,2.0,2.0,4.0,5.0,1.0,,4.0,40.0,518.92347326,1500.0,1500.0
2024,2,23,230143970,4,11,2,,,,,2,4,34,2,4,1,4,5.0,2.0,,,,,,,655.73878199,,
2025,1,11,110004998,7,12,1,,,,,1,1,88,1,2,1,4,2.0,2.0,,,,,,,197.01210561,,
2023,4,13,130075147,12,10,1,7.0,,1.0,1.0,1,1,65,1,2,1,1,7.0,2.0,9.0,2.0,,2.0,4.0,50.0,92.47878078,6000.0,6000.0
2024,1,51,510019123,7,11,2,9.0,1.0,1.0,1.0,1,4,52,3,2,1,1,5.0,2.0,10.0,3.0,1.0,,4.0,45.0,239.06153629,3000.0,3000.0
2025,4,21,210276776,13,13,3,,,,,2,4,4,3,3,1,4,,,,,,,,,474.09523563,,
2023,2,35,350312510,11,10,3,,,,2.0,1,2,20,3,4,1,2,5.0,2.0,,,,,,,1744.98432688,,
2023,2,41,410119786,14,10,2,,,,,1,1,24,3,4,1,2,5.0,2.0,,,,,,,709.34606559,,
2025,2,33,330064854,4,12,2,1.0,,1.0,1.0,1,4,28,2,2,1,1,5.0,2.0,4.0,4.0,4.0,2.0,2.0,44.0,545.15196004,2200.0,2200.0
2023,1,24,240077030,5,10,1,,,,,1,4,65,1,1,1,2,5.0,2.0,,,,,,,254.33640296,,
2024,1,51,510041759,14,11,1,1.0,,1.0,1.0,2,1,33,1,7,1,1,7.0,2.0,4.0,4.0,1.0,2.0,4.0,40.0,279.01532824,1300.0,1600.0
2025,4,31,310719930,6,12,1,,,,,2,4,72,1,2,2,2,5.0,2.0,,,,,,,26.09940095,,
2023,2,23,230039386,1,10,7,,,,,2,4,16,17,5,1,4,4.0,1.0,,,,,,,206.18190199,,
2024,2,43,430201345,8,11,3,,,,,1,1,16,3,4,1,1,3.0,1.0,,,,,,,261.0339533,,
2024,1,43,430016023,3,11,1,,,,,1,1,76,1,3,1,2,2.0,2.0,,,,,,,535.6993103,,
2025,1,21,210111444,14,12,1,,,,,1,4,73,1,5,1,4,1.0,2.0,,,,,,,352.97848984,,
2023,4,17,170024840,2,10,2,1.0,,1.0,1.0,1,3,51,2,4,1,1,6.0,1.0,2.0,5.0,4.0,2.0,4.0,40.0,151.41572201,7000.0,7000.0
2023,1,32,320005187,13,10,4,,,,,1,4,20,8,4,1,4,5.0,1.0,,,,,,,359.46143908,,
2025,4,50,500007361,4,12,1,9.0,2.0,1.0,1.0,2,4,53,1,2,1,4,2.0,2.0,10.0,5.0,1.0,,3.0,32.0,312.74273507,400.0,400.0
2025,2,31,310636995,2,12,2,,,,,1,4,19,3,2,1,4,4.0,1.0,,,,,,,544.99941026,,
2025,4,43,430025520,6,12,1,10.0,,2.0,1.0,2,1,52,1,3,2,4,3.0,2.0,1.0,6.0,1.0,,4.0,35.0,88.30758737,,
2024,1,31,310325017,2,11,3,,,,,2,4,4,3,3,1,4,,,,,,,,,1762.78460996,,
2024,3,21,210084953,5,11,2,,,,,2,4,73,2,2,2,4,3.0,2.0,,,,,,,122.88755774,,
2024,4,51,510006860,10,12,1,8.0,1.0,1.0,1.0,1,2,29,1,2,1,1,5.0,1.0,6.0,5.0,2.0,,4.0,55.0,521.97328126,6000.0,6000.0
2023,1,21,210030525,4,10,4,,,,,2,4,12,3,5,1,2,2.0,1.0,,,,,,,371.34726584,,
2023,3,24,240005022,6,11,1,,,,,2,4,50,1,2,1,4,2.0,2.0,,,,,,,374.18496645,,
2023,3,50,500007100,5,11,1,,,,,2,5,38,1,3,1,1,2.0,2.0,,,,,,,278.90995145,,
2025,2,35,350383356,2,12,1,1.0,,1.0,1.0,1,4,21,1,1,1,2,2.0,2.0,2.0,9.0,4.0,2.0,2.0,44.0,2511.21124299,1800.0,1800.0
2025,1,43,430144210,1,12,1,,,,,2,1,71,1,1,1,1,3.0,2.0,,,,,,,177.00638963,,
2025,2,29,290246560,14,11,2,,,,,2,4,16,3,2,1,2,4.0,1.0,,,,,,,1240.9144635,,
2025,3,43,430265112,1,12,2,,,,,2,1,10,3,2,1,4,2.0,1.0,,,,,,,517.17379238,,
2023,2,23,230128035,1,10,1,9.0,2.0,2.0,1.0,2,4,44,1,3,1,4,7.0,2.0,9.0,2.0,1.0,,4.0,40.0,273.86969975,600.0,600.0
2023,4,27,270009443,9,11,1,1.0,,1.0,1.0,2,4,33,1,4,1,1,2.0,2.0,4.0,5.0,1.0,2.0,3.0,48.0,248.74394601,1320.0,1320.0
2025,4,51,510065204,14,12,2,7.0,,1.0,1.0,1,4,35,2,11,1,4,2.0,2.0,8.0,9.0,,2.0,3.0,44.0,541.00746224,2000.0,2000.0
2024,3,51,510056876,1,11,5,,,,,2,2,79,7,6,1,4,1.0,2.0,,,,,,,188.07082002,,
2025,1,52,520047230,3,12,4,,,,,1,4,0,3,4,1,2,,,,,,,,,582.32864137,,
2023,1,29,290101827,5,10,1,,,,2.0,1,4,25,1,3,1,4,4.0,2.0,,,,,,,1234.78679444,,
2023,2,43,430163113,1,11,3,,,,,1,1,9,3,4,1,2,2.0,1.0,,,,,,,803.87172043,,
2023,4,15,150117390,6,11,1,2.0,,2.0,1.0,1,4,45,1,3,1,4,2.0,2.0,2.0,8.0,3.0,2.0,1.0,46.0,589.49849491,1200.0,0.0
2023,4,43,430103549,2,11,1,9.0,2.0,2.0,1.0,1,1,47,1,2,2,4,2.0,2.0,3.0,7.0,1.0,,4.0,40.0,152.00880029,2200.0,2200.0
2024,4,31,310571223,14,11,3,1.0,,1.0,1.0,1,1,22,3,4,1,4,7.0,2.0,2.0,3.0,4.0,2.0,4.0,40.0,371.85585285,2500.0,5000.0
2025,4,29,290357338,13,12,3,,,,,1,2,17,3,3,2,4,3.0,1.0,,,,,,,445.59552736,,
2023,3,31,310025106,8,10,2,2.0,,2.0,1.0,1,2,39,2,2,1,4,2.0,2.0,10.0,9.0,1.0,1.0,4.0,16.0,689.16131002,400.0,400.0
2023,2,50,500059251,13,11,2,2.0,,1.0,1.0,2,4,43,3,3,1,1,5.0,2.0,6.0,4.0,1.0,2.0,2.0,40.0,288.8775068,1320.0,1302.0
2025,4,22,220105064,9,13,1,2.0,,2.0,1.0,1,4,37,1,4,1,1,7.0,2.0,4.0,3.0,4.0,2.0,4.0,44.0,208.9857835,2500.0,2500.0
2024,4,31,310507145,9,11,2,9.0,2.0,1.0,1.0,1,1,53,2,4,1,4,2.0,2.0,1.0,6.0,1.0,,4.0,48.0,749.17261159,2000.0,2000.0
2023,3,31,310418812,4,11,1,,,,,1,1,56,1,1,2,4,2.0,2.0,,,,,,,36.99479146,,
2023,4,35,351251448,2,10,2,,,,,1,1,9,3,4,1,4,2.0,1.0,,,,,,,2332.89078695,,
2025,2,27,270008220,5,12,2,4.0,,2.0,1.0,2,4,38,2,4,1,1,5.0,2.0,11.0,9.0,,,4.0,50.0,180.55351426,1300.0,1300.0
2025,1,14,140000710,9,12,5,,,,,1,4,0,3,5,1,4,,,,,,,,,104.80336862,,
2025,1,33,330082600,9,12,1,,,,,2,2,60,1,4,1,2,5.0,2.0,,,,,,,469.16711377,,
2025,1,35,351287404,9,12,4,,,,,2,1,5,3,5,1,1,1.0,1.0,,,,,,,1996.60804293,,
2025,1,17,170014410,3,11,1,,,,,2,4,76,1,3,1,4,2.0,2.0,,,,,,,90.28315387,,
2024,3,28,280018501,10,11,1,,,,,1,4,80,1,1,2,4,1.0,2.0,,,,,,,92.29328496,,
2025,4,51,510123993,2,13,4,,,,,1,4,6,3,4,2,4,2.0,1.0,,,,,,,119.50690725,,
2023,1,32,320018273,4,10,2,1.0,,1.0,1.0,1,1,54,2,3,1,1,7.0,2.0,2.0,8.0,4.0,2.0,4.0,44.0,136.70836227,10000.0,10000.0
2025,3,52,520118592,6,12,2,9.0,1.0,1.0,1.0,1,1,35,2,2,1,1,7.0,2.0,7.0,2.0,1.0,,4.0,40.0,411.76818689,4500.0,4500.0
2023,2,52,520112592,6,10,1,,,,,1,1,78,1,2,1,4,2.0,2.0,,,,,,,617.67024344,,
2025,1,21,210188663,2,12,1,,,,,2,4,49,1,2,1,4,4.0,2.0,,,,,,,261.05937746,,
2023,3,21,210039078,3,11,1,,,,,2,2,84,1,3,2,4,1.0,2.0,,,,,,,119.40593694,,
2023,1,25,250065074,5,10,3,,,,,1,4,9,8,3,1,4,2.0,1.0,,,,,,,402.64706807,,
2024,3,28,280002373,10,11,1,2.0,,1.0,1.0,1,4,50,1,6,2,4,2.0,2.0,1.0,9.0,4.0,1.0,1.0,48.0,73.29579798,1412.0,0.0
2023,1,25,250075580,6,10,1,,,,,1,1,24,1,2,1,4,7.0,1.0,,,,,,,246.79715117,,
2025,4,11,110050491,7,13,1,1.0,,1.0,1.0,1,4,27,1,4,1,1,4.0,2.0,10.0,9.0,4.0,2.0,2.0,44.0,106.73937275,2200.0,2200.0
2025,3,14,140002226,10,12,1,,,,,1,1,78,1,1,1,1,7.0,2.0,,,,,,,74.91052689,,
2024,3,35,350010580,5,11,3,1.0,,1.0,1.0,1,1,50,12,3,1,1,7.0,2.0,5.0,4.0,4.0,2.0,4.0,40.0,721.16244642,1512.0,1512.0
2025,1,25,250049986,1,12,2,,,,,1,2,79,2,2,1,4,2.0,2.0,,,,,,,435.06158835,,
2024,2,22,220055143,2,11,1,,,,,2,4,51,1,3,2,4,2.0,2.0,,,,,,,196.41818615,,
2023,4,35,350222850,11,11,1,1.0,,1.0,1.0,2,1,40,1,4,1,4,7.0,2.0,4.0,1.0,3.0,2.0,4.0,44.0,922.71512124,10000.0,10000.0
2025,1,24,240018500,8,12,1,2.0,,2.0,1.0,1,4,51,1,2,2,4,2.0,2.0,1.0,6.0,1.0,2.0,4.0,40.0,104.97993366,800.0,800.0
2024,4,15,150070476,3,12,2,,,,,2,4,50,2,2,1,4,2.0,2.0,,,,,,,672.48594483,,
2023,3,35,351245244,8,10,2,1.0,,1.0,1.0,1,1,55,2,5,2,2,2.0,2.0,3.0,7.0,3.0,2.0,4.0,48.0,210.4154697,2500.0,2500.0
2023,1,33,330298476,8,10,1,,,,2.0,2,2,18,1,3,1,2,4.0,1.0,,,,,,,596.17450819,,
2025,3,35,351861567,13,12,1,3.0,,1.0,1.0,2,4,39,1,2,1,4,5.0,2.0,11.0,9.0,,,4.0,40.0,1195.25598351,1518.0,1518.0
2024,2,31,310235841,7,11,2,,,,,2,4,60,2,4,1,2,3.0,2.0,,,,,,,921.47004532,,
2025,4,25,250194331,3,13,4,,,,,1,4,9,8,4,1,1,2.0,1.0,,,,,,,192.28092349,,
2024,1,27,270035420,12,11,1,,,,,1,1,42,1,1,1,1,2.0,2.0,,,,,,,178.23897754,,
2023,3,27,270042263,10,10,3,,,,,2,4,4,3,3,1,4,,,,,,,,,131.61205854,,
2023,1,43,430182885,7,10,1,7.0,,1.0,1.0,1,1,39,1,4,1,4,7.0,2.0,9.0,2.0,,2.0,3.0,40.0,1637.65461861,15000.0,15000.0
2025,4,21,210091510,8,12,1,1.0,,1.0,1.0,2,4,75,1,2,1,1,7.0,2.0,9.0,2.0,4.0,2.0,4.0,40.0,186.05374619,8000.0,8000.0
2024,1,51,510031571,2,10,1,1.0,,1.0,1.0,1,4,41,1,1,1,2,5.0,2.0,5.0,9.0,1.0,2.0,2.0,40.0,262.62393801,1500.0,1500.0
2024,2,21,210044410,3,11,1,,,,,2,4,65,1,1,2,4,2.0,2.0,,,,,,,69.38002625,,
2025,4,11,110066659,1,13,1,,,,2.0,2,2,31,1,5,1,1,5.0,2.0,,,,,,,90.03252259,,
2025,3,23,230144316,12,12,4,,,,,2,4,17,3,4,2,4,4.0,1.0,,,,,,,313.76179024,,
2025,3,31,310254701,2,12,1,2.0,,2.0,1.0,1,4,33,1,3,1,4,2.0,2.0,4.0,7.0,1.0,2.0,2.0,40.0,193.07719474,1100.0,1100.0
2025,1,32,320010435,8,12,1,1.0,,1.0,1.0,2,1,39,1,3,1,2,7.0,1.0,9.0,2.0,4.0,2.0,1.0,40.0,374.48425847,4000.0,4000.0
2023,3,23,230042573,2,10,2,,,,,2,1,59,2,3,2,4,2.0,2.0,,,,,,,210.20476766,,
2025,3,52,520040856,9,12,2,10.0,,2.0,1.0,2,4,55,2,3,2,4,3.0,2.0,1.0,9.0,1.0,,4.0,14.0,186.4284098,,
2025,4,43,430165154,11,12,3,10.0,,2.0,1.0,2,1,16,3,5,2,4,3.0,1.0,1.0,9.0,1.0,,4.0,10.0,62.7202333,,
2024,3,42,420036152,8,11,2,,,,,2,4,45,2,4,2,4,2.0,2.0,,,,,,,106.33366882,,
2025,4,15,150223065,10,12,2,,,,,2,4,25,2,5,1,4,3.0,2.0,,,,,,,952.37553193,,
2025,2,29,290248418,4,11,4,9.0,2.0,2.0,1.0,1,4,36,5,5,1,4,5.0,2.0,1.0,6.0,1.0,,4.0,30.0,1621.50587422,500.0,6000.0
2024,3,31,310158090,5,11,1,8.0,1.0,1.0,1.0,1,1,42,1,2,1,1,7.0,2.0,9.0,2.0,1.0,,4.0,40.0,410.49025407,14000.0,15000.0
2025,4,42,420220825,8,13,1,4.0,,1.0,1.0,2,1,54,1,2,1,4,4.0,2.0,11.0,5.0,,,3.0,24.0,385.21614739,800.0,800.0
2023,2,42,420100940,4,10,1,8.0,1.0,1.0,1.0,1,1,42,1,1,1,2,7.0,2.0,2.0,2.0,4.0,,4.0,44.0,457.25306894,5000.0,5000.0
2025,4,16,160004532,3,12,2,1.0,,1.0,1.0,2,4,32,2,3,1,1,1.0,2.0,7.0,4.0,1.0,2.0,4.0,40.0,141.17277769,3000.0,3000.0
2023,2,13,130079951,8,10,1,4.0,,2.0,1.0,1,4,55,1,1,2,2,2.0,2.0,11.0,9.0,,,2.0,60.0,83.24339624,1500.0,1500.0
2025,1,35,351192700,4,11,1,2.0,,1.0,1.0,1,3,63,1,1,1,4,7.0,2.0,2.0,7.0,2.0,2.0,2.0,54.0,1444.79991501,6000.0,6000.0
2025,1,41,410180936,12,11,1,1.0,,1.0,1.0,2,1,57,1,1,1,1,2.0,2.0,4.0,9.0,1.0,2.0,3.0,40.0,234.93624496,1500.0,2000.0
2025,2,17,170005701,12,11,3,,,,,1,4,3,3,4,1,4,,,,,,,,,283.16042846,,
2023,2,11,110031512,3,10,2,,,,,2,1,43,2,4,2,4,2.0,2.0,,,,,,,172.55117137,,
2023,3,25,250066664,6,11,3,,,,,1,1,3,3,4,1,1,,,,,,,,,368.12675133,,
2025,1,12,120009360,9,12,1,4.0,,2.0,1.0,1,4,55,1,5,1,4,2.0,2.0,11.0,9.0,,,1.0,40.0,199.32951197,1800.0,1800.0
2023,2,26,260211730,1,10,2,,,,,2,1,21,3,2,1,1,6.0,1.0,,,,,,,561.18709268,,
2024,2,53,530002487,8,11,2,8.0,1.0,2.0,1.0,2,4,41,2,3,1,1,7.0,2.0,9.0,2.0,3.0,,4.0,44.0,499.56579105,7000.0,7000.0
2024,2,32,320026770,10,11,1,5.0,,1.0,1.0,2,1,51,1,3,1,2,7.0,2.0,8.0,4.0,,2.0,2.0,40.0,328.85873138,2000.0,2000.0
2025,4,26,260364756,5,12,1,8.0,2.0,2.0,1.0,1,2,52,1,2,2,4,2.0,2.0,3.0,7.0,1.0,,1.0,40.0,309.10705282,1000.0,1000.0
2024,4,41,410174788,6,12,3,,,,,2,1,16,3,3,1,1,4.0,1.0,,,,,,,559.91494848,,
2025,2,31,310109160,13,12,1,,,,,1,1,78,1,2,1,4,2.0,2.0,,,,,,,827.37780648,,
2023,2,29,290148891,5,10,2,1.0,,1.0,1.0,2,4,33,2,2,1,1,5.0,2.0,9.0,9.0,4.0,2.0,2.0,44.0,1126.65558995,1302.0,1302.0
2023,1,28,280033620,8,10,4,,,,,1,4,5,3,5,1,1,1.0,1.0,,,,,,,334.65632282,,
2023,2,31,310124365,11,10,1,,,,,1,2,55,1,2,2,4,5.0,2.0,,,,,,,316.3031096,,
2024,1,43,430130733,5,10,2,9.0,1.0,1.0,1.0,2,1,60,2,2,2,4,5.0,2.0,1.0,6.0,1.0,,4.0,20.0,173.9534714,3200.0,3200.0
2025,4,27,270121706,7,13,1,,,,,1,1,80,1,2,1,4,2.0,2.0,,,,,,,108.17138717,,
2023,3,15,150009426,3,10,4,,,,,1,4,21,12,4,1,1,5.0,2.0,,,,,,,339.26128863,,
2024,4,35,350647730,5,11,1,9.0,2.0,2.0,1.0,2,1,70,1,2,1,4,5.0,2.0,6.0,5.0,1.0,,4.0,40.0,1573.68681226,500.0,500.0
2025,3,33,330446302,4,12,1,2.0,,2.0,1.0,1,4,35,1,2,2,4,3.0,2.0,3.0,9.0,2.0,2.0,4.0,40.0,100.2363541,1000.0,1000.0
2025,2,22,220040168,4,12,2,,,,,2,4,38,2,2,1,4,7.0,2.0,,,,,,,206.35823571,,
2023,1,13,130046606,13,10,1,,,,,2,4,21,1,3,1,2,5.0,2.0,,,,,,,396.98086097,,
2025,2,25,250074403,8,12,4,,,,,1,1,12,3,4,1,4,2.0,1.0,,,,,,,426.89830242,,
2023,1,21,210081991,2,10,4,,,,,2,1,17,4,4,1,4,4.0,1.0,,,,,,,221.9458029,,
2024,2,35,351315358,5,11,2,,,,2.0,2,4,32,3,4,1,1,4.0,2.0,,,,,,,971.44513611,,
2024,4,41,410066060,5,11,3,,,,,2,1,27,3,3,2,4,7.0,2.0,,,,,,,142.69674543,,
2023,4,33,330008964,8,11,1,,,,,2,4,73,1,4,1,2,2.0,2.0,,,,,,,427.15454738,,
2023,4,41,410133622,13,10,5,,,,,2,1,81,6,5,2,4,2.0,2.0,,,,,,,237.11838666,,
2025,1,43,430060153,10,12,1,,,,,2,1,70,1,1,1,1,7.0,2.0,,,,,,,255.16771123,,
2024,3,41,410174140,13,12,1,1.0,,1.0,1.0,1,4,33,1,5,1,2,5.0,2.0,2.0,8.0,2.0,1.0,1.0,40.0,636.12780852,1990.0,1990.0
2024,4,43,430208331,12,11,3,4.0,,1.0,1.0,2,1,18,8,3,2,4,5.0,2.0,11.0,5.0,,,3.0,20.0,288.34661709,650.0,800.0
2025,1,31,310409979,9,11,1,1.0,,1.0,1.0,1,4,39,1,3,1,4,2.0,2.0,5.0,8.0,3.0,2.0,2.0,44.0,1086.44334428,2000.0,3000.0
2025,1,43,430183136,6,12,1,,,,,1,1,74,1,2,2,4,2.0,2.0,,,,,,,91.30533476,,
2023,4,51,510024452,2,10,1,9.0,2.0,2.0,1.0,2,1,42,1,4,1,4,4.0,2.0,10.0,5.0,1.0,,4.0,25.0,841.80068654,700.0,700.0
2024,4,27,270024938,4,11,2,7.0,,1.0,1.0,1,4,50,2,3,1,1,5.0,2.0,8.0,10.0,,2.0,4.0,96.0,202.87101425,9000.0,9000.0
2023,4,12,120012111,3,11,2,,,,,1,1,16,3,2,1,1,4.0,1.0,,,,,,,72.95032305,,
2024,1,27,270074934,6,11,2,2.0,,2.0,1.0,1,4,35,2,4,1,1,6.0,2.0,7.0,5.0,4.0,2.0,3.0,60.0,197.60744908,3000.0,3000.0
2023,2,27,270027640,6,11,1,,,,,1,4,73,1,4,2,4,1.0,2.0,,,,,,,103.79895999,,
2025,2,43,430071644,3,12,2,8.0,2.0,2.0,1.0,1,1,33,2,3,1,4,5.0,2.0,1.0,6.0,1.0,,4.0,45.0,615.69451714,8000.0,8000.0
2024,4,14,140008495,14,11,5,,,,,1,4,0,8,7,1,1,,,,,,,,,138.47542054,,
2025,3,22,220007938,6,12,2,,,,,1,4,43,3,2,1,4,2.0,2.0,,,,,,,520.7762924,,
2024,3,33,330095204,8,11,1,1.0,,1.0,1.0,2,1,54,1,3,1,2,7.0,2.0,4.0,2.0,4.0,2.0,4.0,40.0,376.02627908,3000.0,3000.0
2025,2,22,220002359,1,12,1,1.0,,1.0,1.0,2,4,23,1,4,1,4,5.0,2.0,4.0,5.0,1.0,2.0,2.0,40.0,488.92886328,1518.0,1518.0
2024,2,21,210037516,4,11,3,,,,,2,1,9,3,3,2,4,2.0,1.0,,,,,,,217.37624509,,
2023,2,26,260078459,1,10,1,6.0,,1.0,1.0,2,4,47,1,3,1,2,5.0,2.0,9.0,3.0,,1.0,3.0,48.0,325.32813579,1980.0,1980.0
2023,2,14,140001230,11,10,4,,,,,2,1,4,8,4,1,1,,,,,,,,,104.85229178,,
2025,1,23,230022899,4,12,2,9.0,2.0,2.0,1.0,1,4,25,3,9,2,4,5.0,2.0,4.0,9.0,1.0,,2.0,40.0,225.50481543,700.0,700.0
2025,4,33,330812944,4,13,2,9.0,2.0,2.0,1.0,1,4,43,2,3,1,2,5.0,2.0,5.0,5.0,1.0,,3.0,40.0,462.39769347,500.0,500.0
2025,1,21,210152960,11,11,3,,,,,2,2,73,6,3,1,4,2.0,2.0,,,,,,,278.88329781,,
2024,4,33,330326894,14,11,1,9.0,2.0,2.0,1.0,2,4,33,1,4,1,1,5.0,2.0,10.0,5.0,1.0,,2.0,14.0,610.95125326,800.0,700.0
2024,1,21,210020867,9,11,1,9.0,1.0,1.0,1.0,1,4,29,1,4,1,4,4.0,2.0,4.0,5.0,1.0,,4.0,9.0,383.02149923,2000.0,2000.0
2024,2,35,351267787,1,11,2,1.0,,1.0,1.0,1,1,60,2,2,2,4,2.0,2.0,2.0,8.0,4.0,2.0,4.0,44.0,493.79391835,1900.0,2500.0
2023,4,21,210047694,5,10,3,,,,,1,4,15,3,4,2,4,2.0,1.0,,,,,,,124.54122793,,
2023,3,32,320062630,13,11,1,1.0,,1.0,1.0,1,1,44,1,4,1,2,5.0,2.0,5.0,8.0,4.0,2.0,1.0,44.0,415.62972821,6500.0,6500.0
2023,2,43,430108364,1,11,3,,,,2.0,1,1,16,3,3,2,4,2.0,2.0,,,,,,,172.55683395,,
2025,3,33,330478064,10,12,3,,,,,2,2,14,3,4,1,4,2.0,1.0,,,,,,,934.93616784,,
2024,4,13,130027421,12,12,4,10.0,,2.0,1.0,2,4,19,3,10,2,4,2.0,2.0,1.0,9.0,2.0,,2.0,30.0,35.68104593,,
2023,2,27,270011356,4,11,2,2.0,,2.0,1.0,1,1,40,2,4,2,4,2.0,2.0,1.0,9.0,1.0,1.0,4.0,30.0,69.71556718,800.0,800.0
2025,4,21,210001442,1,12,3,1.0,,1.0,1.0,1,4,29,8,6,1,2,5.0,2.0,4.0,9.0,4.0,2.0,2.0,44.0,419.84853053,1518.0,2000.0
2023,3,15,150036940,9,10,3,,,,,1,4,16,3,5,1,4,4.0,1.0,,,,,,,373.0329614,,
2024,4,41,410244696,11,11,2,1.0,,1.0,1.0,1,1,44,2,5,1,1,3.0,2.0,4.0,5.0,2.0,2.0,4.0,45.0,570.83159851,2300.0,2300.0
2023,4,15,150044718,2,11,3,,,,2.0,1,1,21,8,4,1,1,6.0,1.0,,,,,,,298.07549425,,
2023,4,35,350622715,14,11,1,,,,,2,1,65,1,2,1,4,2.0,2.0,,,,,,,1299.69794575,,
2024,1,21,210148070,3,11,2,,,,,1,2,34,2,5,2,4,5.0,2.0,,,,,,,676.99197073,,
2023,2,27,270010637,7,10,1,,,,,2,4,45,1,5,1,4,6.0,1.0,,,,,,,257.46013898,,
2023,3,51,510064668,1,11,1,1.0,,1.0,1.0,2,4,33,1,4,1,4,2.0,2.0,6.0,9.0,1.0,2.0,2.0,44.0,244.16741685,1400.0,1400.0
2023,3,23,230037709,11,10,5,,,,,2,4,6,3,5,1,4,1.0,1.0,,,,,,,232.18155173,,
2024,2,29,290167828,6,11,2,,,,,1,1,11,3,2,1,4,2.0,1.0,,,,,,,1025.68922984,,
2023,3,35,350365026,3,10,1,1.0,,1.0,1.0,2,4,38,1,4,1,2,5.0,2.0,6.0,5.0,3.0,2.0,3.0,44.0,575.63537102,1500.0,1500.0
2024,2,12,120013137,12,11,2,,,,,1,4,67,2,2,1,1,5.0,2.0,,,,,,,47.06729332,,
2025,2,21,210070699,5,12,1,,,,,1,4,54,1,4,2,4,2.0,2.0,,,,,,,87.52963309,,
2025,2,25,250024011,5,12,1,2.0,,2.0,1.0,1,4,48,1,1,2,4,2.0,2.0,1.0,6.0,1.0,2.0,4.0,52.0,274.73704915,1200.0,1200.0
2025,3,41,410166274,8,12,2,2.0,,2.0,1.0,1,3,61,2,3,1,4,7.0,2.0,2.0,1.0,4.0,2.0,4.0,40.0,1304.43164114,20000.0,20000.0
2025,2,23,230012084,8,12,1,,,,,2,4,60,1,1,1,4,1.0,2.0,,,,,,,202.06595468,,
2025,3,27,270068173,10,12,1,,,,,1,1,67,1,3,2,4,1.0,2.0,,,,,,,94.55032547,,
2023,2,43,430017499,11,10,2,,,,,2,1,56,2,3,2,2,2.0,2.0,,,,,,,224.46795086,,
2024,4,13,130004580,6,12,1,2.0,,2.0,1.0,1,4,55,1,5,1,4,2.0,2.0,10.0,9.0,1.0,2.0,2.0,30.0,281.04645509,1000.0,1000.0
2024,1,29,290248418,12,10,3,,,,,2,4,8,3,3,1,4,2.0,1.0,,,,,,,890.06728493,,
2025,2,26,260034255,9,12,2,,,,,2,4,28,2,2,2,4,3.0,2.0,,,,,,,186.60261061,,
2025,2,52,520157751,1,12,2,8.0,1.0,2.0,1.0,1,1,54,2,2,1,3,5.0,2.0,3.0,7.0,2.0,,4.0,40.0,325.36779695,4000.0,4000.0
2025,1,31,310346093,9,11,1,,,,,2,4,36,1,3,1,4,5.0,2.0,,,,,,,1456.0321985,,
2025,3,42,420051340,8,12,4,,,,,2,4,17,3,4,1,4,4.0,1.0,,,,,,,312.32507986,,
2023,3,41,410190740,2,11,6,,,,,2,4,21,12,7,2,4,3.0,2.0,,,,,,,97.1846233,,
2024,4,53,530029800,5,11,6,,,,,2,4,7,3,6,2,1,1.0,1.0,,,,,,,57.39386299,,
2025,3,31,310248920,4,12,2,,,,,2,1,43,2,5,2,4,5.0,2.0,,,,,,,87.17940425,,
2025,2,25,250077006,4,12,2,,,,,2,4,15,3,4,2,4,2.0,1.0,,,,,,,199.88293315,,
2025,2,51,510050062,9,12,3,9.0,2.0,2.0,1.0,1,4,21,3,4,1,1,5.0,2.0,3.0,7.0,1.0,,4.0,40.0,757.63845285,1601.0,1518.0
2025,4,41,410412269,14,12,1,4.0,,1.0,1.0,2,4,44,1,4,1,4,2.0,2.0,11.0,9.0,,,4.0,28.0,669.04415399,1518.0,1518.0
2024,4,21,210055723,12,11,2,,,,2.0,2,4,21,3,3,1,4,5.0,2.0,,,,,,,321.34159075,,
2025,3,33,330042930,13,12,2,1.0,,1.0,1.0,2,2,57,2,2,1,2,5.0,2.0,9.0,3.0,4.0,2.0,4.0,40.0,265.24927513,1700.0,1700.0
2025,2,31,310395138,3,12,2,9.0,1.0,1.0,1.0,2,1,28,2,2,1,4,3.0,2.0,10.0,2.0,1.0,,4.0,9.0,743.46954854,2000.0,2000.0
2024,1,23,230125639,9,11,4,,,,,1,4,14,4,4,2,4,2.0,2.0,,,,,,,417.14096116,,
2025,4,26,260201897,8,12,2,,,,,2,1,10,3,5,1,4,2.0,1.0,,,,,,,733.41081345,,
2024,3,35,350122164,13,12,2,1.0,,1.0,1.0,2,1,36,3,4,1,4,5.0,2.0,4.0,5.0,4.0,2.0,2.0,48.0,2870.2469626,1600.0,1800.0
2023,4,31,310040690,2,11,1,8.0,1.0,1.0,1.0,1,2,26,1,3,1,4,6.0,2.0,2.0,7.0,1.0,,4.0,64.0,764.77264527,6000.0,6000.0
2025,3,13,130073571,5,12,3,,,,,1,4,11,3,3,1,1,2.0,1.0,,,,,,,323.33157888,,
2024,2,17,170032077,12,11,2,10.0,,2.0,1.0,2,4,42,2,4,1,4,6.0,2.0,1.0,9.0,1.0,,4.0,30.0,252.72203465,,
2024,2,35,351179660,14,11,4,,,,,2,1,5,3,5,1,4,1.0,1.0,,,,,,,587.08680375,,
2023,2,32,320004885,12,10,1,,,,,1,4,72,1,1,1,4,1.0,2.0,,,,,,,245.31652221,,
2025,1,22,220012514,3,11,1,2.0,,2.0,1.0,1,4,26,1,1,2,4,4.0,2.0,1.0,9.0,1.0,2.0,1.0,40.0,313.85867122,800.0,300.0
2023,3,31,310378066,6,10,1,1.0,,1.0,1.0,1,1,50,1,3,1,4,5.0,2.0,2.0,4.0,4.0,2.0,4.0,44.0,630.55570459,3000.0,3000.0
2025,3,26,260310401,11,12,2,,,,,2,5,8,3,3,2,2,2.0,1.0,,,,,,,109.12363819,,
2024,4,29,290105308,2,11,1,,,,,2,2,36,1,4,2,4,2.0,2.0,,,,,,,676.29772277,,
2025,1,33,330310148,12,12,2,,,,,2,1,51,2,4,1,2,5.0,2.0,,,,,,,514.4342412,,
2024,1,23,230049877,11,11,1,4.0,,2.0,1.0,2,4,22,1,3,1,4,5.0,2.0,11.0,9.0,,,4.0,12.0,429.94899584,500.0,500.0
2025,4,52,520102433,2,12,4,,,,,2,1,78,7,4,1,4,2.0,2.0,,,,,,,731.71754805,,
2025,3,33,330231901,5,12,4,,,,,1,2,14,3,4,1,1,2.0,1.0,,,,,,,541.70299374,,
2023,3,50,500031830,1,11,3,,,,,2,4,8,3,4,2,4,2.0,1.0,,,,,,,60.93499282,,
2025,4,41,410180689,12,12,1,1.0,,1.0,1.0,2,1,44,1,3,1,4,5.0,2.0,2.0,7.0,4.0,2.0,3.0,44.0,588.13839844,2500.0,2500.0
2025,1,21,210021429,5,12,1,9.0,2.0,2.0,1.0,2,1,43,1,3,1,4,2.0,2.0,10.0,5.0,1.0,,4.0,30.0,175.79988553,400.0,300.0
2023,4,12,120007596,3,11,1,9.0,1.0,1.0,1.0,1,4,50,1,4,1,4,7.0,2.0,4.0,5.0,1.0,,3.0,44.0,146.7971499,6000.0,6000.0
2024,4,41,410159378,12,12,2,7.0,,1.0,1.0,2,1,37,2,4,1,1,7.0,2.0,9.0,2.0,,2.0,4.0,40.0,457.3725421,6500.0,6500.0
2024,1,24,240083214,6,10,3,,,,,2,1,6,3,4,1,4,1.0,1.0,,,,,,,409.01927581,,
2025,3,29,290110233,8,12,1,1.0,,1.0,1.0,1,4,44,1,3,1,1,6.0,2.0,2.0,7.0,3.0,2.0,4.0,40.0,675.05924895,3400.0,500.0
2025,1,29,290159164,6,11,2,,,,2.0,2,1,20,2,3,1,4,5.0,2.0,,,,,,,265.85351533,,
2024,1,26,260088737,9,10,1,,,,2.0,1,4,29,1,3,1,2,5.0,2.0,,,,,,,621.68339328,,
2023,4,27,270000932,2,11,1,3.0,,1.0,1.0,2,2,50,1,2,1,1,2.0,2.0,11.0,9.0,,,4.0,60.0,434.73565465,1320.0,1320.0
2025,1,29,290349270,8,11,3,1.0,,1.0,1.0,2,4,18,3,4,1,4,5.0,1.0,7.0,4.0,4.0,2.0,2.0,40.0,688.66287932,1518.0,1518.0
2024,4,16,160005255,6,12,2,9.0,2.0,2.0,1.0,1,1,56,2,5,1,1,4.0,2.0,3.0,9.0,1.0,,4.0,40.0,384.47208566,3000.0,3000.0
2024,4,13,130112962,9,11,4,,,,,1,4,6,3,4,2,4,1.0,1.0,,,,,,,117.19073081,,
2023,4,21,210016158,7,11,1,,,,,2,2,18,1,3,2,4,4.0,2.0,,,,,,,157.91106992,,
2024,1,26,260196490,2,11,3,,,,,2,1,17,3,4,1,4,5.0,2.0,,,,,,,796.08060689,,
2024,1,33,330200357,5,11,1,,,,,2,2,71,1,1,1,1,1.0,2.0,,,,,,,338.07214315,,
2023,3,33,330415721,7,11,1,9.0,2.0,2.0,1.0,1,4,22,1,3,1,2,5.0,2.0,3.0,7.0,1.0,,3.0,40.0,1153.04167163,1300.0,1300.0
2025,4,35,351147957,1,12,2,1.0,,1.0,1.0,2,1,51,2,2,2,4,2.0,2.0,4.0,9.0,3.0,2.0,2.0,62.0,241.15557008,2100.0,2100.0
2025,2,32,320095867,13,11,2,1.0,,1.0,1.0,2,1,30,2,2,1,2,5.0,2.0,5.0,4.0,4.0,2.0,3.0,44.0,246.19225709,2500.0,2800.0
2024,2,51,510057128,2,11,1,1.0,,1.0,1.0,1,4,34,1,4,2,4,4.0,2.0,1.0,8.0,4.0,2.0,4.0,50.0,152.2967244,7060.0,7060.0
2024,1,31,310004798,4,11,2,1.0,,1.0,1.0,2,4,36,3,4,1,2,5.0,1.0,4.0,5.0,3.0,2.0,3.0,44.0,954.70925324,1800.0,1800.0
2024,3,43,430192438,5,11,1,4.0,,2.0,1.0,2,1,62,1,2,1,4,2.0,2.0,11.0,5.0,,,4.0,35.0,263.85078178,1000.0,3000.0
2024,4,42,420008233,7,11,1,9.0,2.0,2.0,1.0,1,1,27,1,2,1,2,5.0,2.0,5.0,8.0,1.0,,1.0,44.0,557.44994967,1800.0,1800.0
2025,4,26,260440779,11,13,2,,,,,1,2,70,2,2,1,2,2.0,2.0,,,,,,,334.95616073,,
2025,4,42,420002221,11,12,1,,,,,2,4,50,1,4,1,4,2.0,2.0,,,,,,,253.97054199,,
2025,3,23,230408420,6,12,2,,,,,1,4,51,2,7,2,4,2.0,2.0,,,,,,,250.44902004,,
2024,4,21,210018705,2,11,1,,,,,2,1,68,1,1,2,4,2.0,2.0,,,,,,,34.9287323,,
2025,3,33,330113474,9,12,1,,,,,1,1,65,1,2,2,4,1.0,2.0,,,,,,,72.59844854,,
2024,4,15,150067490,4,11,3,,,,,2,2,64,6,4,1,2,2.0,2.0,,,,,,,543.48992072,,
2025,3,22,220047641,11,12,5,,,,,1,4,5,8,5,2,4,1.0,1.0,,,,,,,122.9715725,,
2024,3,21,210060069,5,12,3,,,,,1,1,4,3,3,1,1,,,,,,,,,292.26915138,,
2025,4,13,130057049,9,12,2,6.0,,1.0,1.0,2,2,45,6,2,1,1,5.0,2.0,9.0,3.0,,1.0,4.0,40.0,413.1939649,3000.0,4500.0
2024,3,26,260137603,1,11,3,,,,,2,1,36,12,3,2,4,1.0,2.0,,,,,,,141.95587877,,
2025,2,26,260215264,3,12,5,,,,,2,4,5,3,5,1,2,1.0,1.0,,,,,,,370.27604923,,
2023,2,12,120007934,13,10,2,9.0,2.0,2.0,1.0,1,4,50,2,3,2,4,3.0,2.0,1.0,6.0,1.0,,4.0,40.0,49.33170198,3000.0,3000.0
2023,3,24,240005448,2,11,3,,,,,2,4,3,3,4,1,2,,,,,,,,,481.76414593,,
2025,1,51,510055252,12,12,2,1.0,,1.0,1.0,2,4,50,2,2,1,1,5.0,2.0,4.0,9.0,2.0,2.0,2.0,44.0,194.14067284,1800.0,2800.0
2023,2,33,330308986,10,10,1,,,,,2,4,58,1,4,1,4,1.0,2.0,,,,,,,380.4954504,,
2024,3,31,310088737,9,11,1,9.0,2.0,2.0,1.0,1,1,56,1,3,2,4,2.0,2.0,1.0,6.0,1.0,,4.0,40.0,241.49768577,2100.0,11000.0
2023,1,26,260118786,3,10,1,1.0,,1.0,1.0,1,4,42,1,4,1,4,3.0,2.0,2.0,8.0,4.0,2.0,4.0,45.0,411.32624916,1302.0,1212.0
2024,3,23,230076084,8,11,3,,,,,2,4,16,3,3,1,4,2.0,1.0,,,,,,,697.12089906,,
2023,3,23,230069075,9,10,2,,,,,2,4,76,2,5,2,4,1.0,2.0,,,,,,,147.43324906,,
2024,4,12,120000239,5,12,1,1.0,,1.0,1.0,1,1,31,1,2,2,4,5.0,2.0,2.0,7.0,4.0,2.0,4.0,40.0,53.41174124,1600.0,1600.0
2025,3,33,330204980,1,12,3,,,,,2,1,14,3,4,1,2,2.0,1.0,,,,,,,454.62942178,,
2025,3,42,420002221,13,12,1,1.0,,1.0,1.0,2,1,54,1,2,1,4,2.0,2.0,5.0,9.0,4.0,2.0,4.0,44.0,192.72821685,2500.0,2500.0
2025,3,33,330325160,14,12,3,,,,,1,1,5,3,3,1,1,1.0,1.0,,,,,,,716.54365206,,
2025,4,52,520280255,7,13,2,7.0,,1.0,1.0,2,4,45,2,3,1,1,7.0,2.0,9.0,2.0,,2.0,4.0,40.0,66.60229084,3500.0,3500.0
2025,1,21,210026691,12,12,1,6.0,,2.0,1.0,2,4,44,1,4,2,4,4.0,2.0,9.0,9.0,,2.0,4.0,20.0,118.01801407,700.0,700.0
2023,2,24,240028880,10,10,2,10.0,,2.0,1.0,2,4,54,2,3,1,4,3.0,2.0,1.0,6.0,1.0,,4.0,40.0,302.10840514,,
2024,3,14,140001230,1,11,2,,,,,1,4,69,2,2,1,1,6.0,2.0,,,,,,,110.59400844,,
2023,3,35,350199944,8,10,1,7.0,,1.0,1.0,2,4,42,1,2,1,1,7.0,2.0,9.0,3.0,,2.0,4.0,40.0,1266.73010716,3396.0,3396.0
2025,1,27,270029420,1,12,1,,,,,1,4,42,1,4,2,4,5.0,2.0,,,,,,,82.03492502,,
2024,3,26,260041418,3,12,1,,,,,2,4,70,1,4,2,4,2.0,2.0,,,,,,,129.13113451,,
2025,1,32,320032070,3,12,2,10.0,,2.0,1.0,2,1,31,2,6,1,1,5.0,2.0,6.0,5.0,1.0,,4.0,40.0,141.05118775,,
2024,2,24,240079048,6,11,1,,,,,1,1,79,1,2,1,1,2.0,2.0,,,,,,,172.18939276,,
2024,3,52,520102888,6,11,1,,,,,2,4,53,1,3,1,4,2.0,2.0,,,,,,,43.15673608,,
2025,3,29,290182918,3,12,3,,,,,1,4,8,3,3,2,4,2.0,1.0,,,,,,,279.41251855,,
2023,3,12,120002053,3,11,6,,,,,1,4,1,3,6,1,4,,,,,,,,,116.3163517,,
2024,1,29,290180537,4,11,2,4.0,,2.0,1.0,2,4,36,3,4,1,4,5.0,2.0,11.0,9.0,,,4.0,16.0,123.15606604,280.0,280.0
2025,2,33,330316441,5,12,2,9.0,2.0,2.0,1.0,2,1,44,2,4,1,1,7.0,2.0,7.0,2.0,1.0,,4.0,20.0,619.7928356,300.0,200.0
2024,1,15,150027187,2,11,4,,,,,2,4,11,8,5,2,4,2.0,1.0,,,,,,,349.35177332,,
2025,2,28,280024733,10,12,3,6.0,,1.0,1.0,2,4,37,3,8,1,4,5.0,2.0,8.0,4.0,,1.0,4.0,30.0,282.63312833,1518.0,1518.0
2025,3,35,351285622,5,12,2,,,,,1,1,48,2,3,2,4,5.0,2.0,,,,,,,458.16195945,,
2023,3,51,510016330,12,10,1,9.0,2.0,1.0,1.0,1,4,59,1,1,1,4,1.0,2.0,1.0,6.0,1.0,,4.0,25.0,474.5665943,2000.0,0.0
2023,1,21,210095307,9,10,3,,,,,2,4,14,3,7,1,4,2.0,1.0,,,,,,,382.00928469,,
2025,2,50,500066234,1,11,2,,,,,2,4,67,2,4,2,4,2.0,2.0,,,,,,,33.75730877,,
2024,4,41,410064825,4,12,4,,,,,2,1,17,12,4,2,2,4.0,1.0,,,,,,,137.70422368,,
2025,3,43,430497093,14,12,3,,,,,1,4,9,8,3,1,4,2.0,1.0,,,,,,,450.13832783,,
2024,4,52,520037350,8,12,1,1.0,,1.0,1.0,1,4,30,1,3,1,1,5.0,2.0,3.0,7.0,4.0,2.0,4.0,40.0,346.9494094,2400.0,2400.0
2025,1,24,240045012,2,11,1,9.0,2.0,2.0,1.0,1,4,54,1,3,1,1,5.0,2.0,3.0,7.0,1.0,,4.0,40.0,96.0608753,1518.0,1518.0
2024,3,23,230048730,3,11,1,,,,,1,4,42,1,2,2,4,2.0,2.0,,,,,,,307.71464043,,
2025,1,26,260226402,10,12,1,,,,,2,4,33,1,2,1,4,3.0,1.0,,,,,,,875.62559878,,
2025,1,11,110001520,5,11,3,,,,,2,4,18,3,3,1,1,5.0,1.0,,,,,,,144.44823533,,
2023,2,13,130055328,12,11,1,9.0,2.0,2.0,1.0,1,4,43,1,5,2,4,1.0,2.0,1.0,6.0,1.0,,4.0,40.0,76.94945872,600.0,0.0
2025,2,12,120003167,3,12,1,2.0,,2.0,1.0,1,2,34,1,3,2,4,5.0,2.0,10.0,4.0,3.0,2.0,4.0,40.0,78.41065114,1518.0,1518.0
2025,1,35,351168190,12,11,5,,,,,2,1,16,3,9,1,4,4.0,1.0,,,,,,,603.41385469,,
2024,3,31,310540969,10,11,2,,,,2.0,1,4,17,3,2,1,4,4.0,1.0,,,,,,,1366.1866871,,
2024,1,15,150042742,3,11,6,,,,,1,4,9,3,7,2,4,2.0,1.0,,,,,,,204.35547597,,
2024,3,27,270042324,13,11,1,4.0,,2.0,1.0,2,1,40,1,7,1,1,2.0,2.0,11.0,9.0,,,2.0,14.0,115.47976812,880.0,880.0
2023,1,22,220007698,2,10,2,,,,,2,4,21,2,3,2,4,4.0,1.0,,,,,,,316.38422488,,
2023,1,42,420040385,2,10,2,1.0,,1.0,1.0,2,1,20,3,2,1,4,6.0,1.0,4.0,5.0,1.0,2.0,4.0,44.0,145.12107016,1302.0,1302.0
2025,2,15,150112620,13,12,3,,,,,2,1,5,3,3,2,4,1.0,1.0,,,,,,,364.36269326,,
2025,3,50,500025720,8,12,1,1.0,,1.0,1.0,1,4,57,1,3,2,4,1.0,2.0,1.0,6.0,1.0,2.0,3.0,44.0,106.8863884,2500.0,2500.0
2023,3,52,520114848,2,10,2,1.0,,1.0,1.0,1,1,35,2,3,1,3,6.0,1.0,4.0,5.0,2.0,2.0,4.0,48.0,587.93585781,1320.0,1320.0
2023,2,42,420022226,2,11,1,9.0,2.0,1.0,1.0,2,1,56,1,1,1,4,5.0,2.0,10.0,5.0,1.0,,4.0,44.0,205.78321036,6000.0,6000.0
2023,1,35,351056810,2,10,2,1.0,,1.0,1.0,1,2,29,14,3,1,4,6.0,1.0,2.0,8.0,2.0,2.0,2.0,44.0,1571.47076661,2300.0,2500.0
2025,3,28,280069390,2,12,1,4.0,,2.0,1.0,2,1,37,1,5,1,2,2.0,2.0,11.0,9.0,,,4.0,40.0,347.47462234,900.0,900.0
2023,3,17,170027057,8,10,2,2.0,,2.0,1.0,1,4,39,2,4,1,4,2.0,2.0,1.0,8.0,4.0,2.0,3.0,44.0,256.06828237,3000.0,3000.0
2024,2,31,310265094,7,11,1,7.0,,1.0,1.0,2,4,47,1,2,1,4,7.0,2.0,9.0,2.0,,2.0,4.0,40.0,607.99825445,10000.0,10000.0
2025,2,22,220042881,9,12,1,4.0,,2.0,1.0,2,4,28,1,5,1,4,2.0,1.0,11.0,9.0,,,3.0,30.0,641.43601974,500.0,500.0
2024,1,41,410186850,6,11,1,9.0,2.0,2.0,1.0,2,2,55,1,2,1,4,3.0,2.0,2.0,8.0,1.0,,4.0,44.0,535.97614067,2800.0,2400.0
2023,4,52,520143913,6,11,3,,,,,2,1,13,3,3,1,3,2.0,1.0,,,,,,,1099.47298881,,
2024,2,29,290193676,14,11,2,,,,2.0,1,2,25,3,3,1,1,5.0,2.0,,,,,,,917.35041657,,
2025,1,35,350686841,6,11,1,,,,,1,1,70,1,3,2,4,2.0,2.0,,,,,,,331.93813947,,
2024,1,35,351377537,8,11,1,,,,2.0,2,1,50,1,2,1,4,7.0,2.0,,,,,,,397.41156767,,
2024,4,35,351257117,11,11,1,1.0,,1.0,1.0,1,4,41,1,4,1,1,2.0,2.0,2.0,3.0,3.0,2.0,4.0,40.0,1832.9191067,2000.0,3000.0
2024,3,15,150023658,11,11,1,7.0,,1.0,1.0,1,2,25,1,2,1,4,6.0,1.0,8.0,10.0,,2.0,4.0,48.0,925.22321231,5500.0,6200.0
2023,2,52,520007071,12,10,2,1.0,,1.0,1.0,1,4,29,2,2,1,2,3.0,2.0,4.0,7.0,1.0,2.0,3.0,40.0,1172.94638804,4000.0,4000.0
2023,1,43,430149991,7,10,4,9.0,1.0,1.0,1.0,1,1,30,3,5,1,4,7.0,2.0,10.0,3.0,1.0,,4.0,30.0,421.48308751,3000.0,3000.0
2024,2,14,140017839,12,11,3,,,,,2,2,18,3,3,1,1,5.0,1.0,,,,,,,206.28104714,,
2024,4,21,210052478,7,12,4,,,,,1,1,19,8,5,1,4,4.0,1.0,,,,,,,285.78827153,,
2023,2,22,220011290,6,11,1,1.0,,1.0,1.0,1,2,52,1,6,1,1,2.0,2.0,6.0,7.0,3.0,2.0,4.0,72.0,251.51990164,1320.0,1302.0
2025,4,51,510127448,14,13,2,2.0,,1.0,1.0,2,1,58,2,2,1,2,3.0,2.0,5.0,4.0,1.0,2.0,4.0,40.0,56.90464233,3000.0,3000.0
2024,3,41,410117854,9,11,2,,,,,1,1,58,2,2,1,4,2.0,2.0,,,,,,,338.29478695,,
2025,3,42,420175325,4,12,2,1.0,,1.0,1.0,2,1,30,2,2,1,4,7.0,2.0,2.0,1.0,4.0,2.0,4.0,40.0,438.8515264,9000.0,9000.0
2025,4,33,330717563,5,13,2,9.0,2.0,2.0,1.0,1,2,53,2,2,1,1,2.0,2.0,10.0,5.0,1.0,,4.0,80.0,390.50861113,2000.0,2000.0
2023,1,41,410094064,10,10,1,2.0,,2.0,1.0,1,1,60,1,2,2,4,2.0,2.0,2.0,8.0,3.0,2.0,4.0,40.0,71.68054566,2500.0,2500.0
2025,2,13,130052140,1,11,1,9.0,2.0,1.0,1.0,1,5,31,1,3,2,4,5.0,2.0,1.0,6.0,1.0,,4.0,30.0,87.74172218,700.0,650.0
2023,1,28,280028291,9,10,2,,,,,2,4,51,2,2,2,4,2.0,2.0,,,,,,,69.32410953,,
2023,2,14,140003450,7,10,2,4.0,,2.0,1.0,2,1,41,2,3,1,1,3.0,2.0,11.0,5.0,,,3.0,20.0,48.65037432,600.0,600.0
2023,1,21,210038110,2,10,1,9.0,2.0,2.0,1.0,1,4,45,1,5,2,3,2.0,2.0,7.0,9.0,1.0,,4.0,40.0,107.64726405,500.0,500.0
2024,2,26,260008720,12,11,1,,,,,2,4,69,1,3,1,2,3.0,2.0,,,,,,,181.74760301,,
2024,1,42,420084342,5,11,2,,,,,2,1,24,2,4,2,4,3.0,2.0,,,,,,,104.38109616,,
2023,3,27,270028620,11,10,3,,,,,1,4,20,12,3,1,4,2.0,2.0,,,,,,,166.81547007,,
2025,2,29,290165994,4,11,1,,,,,1,4,68,1,2,2,4,1.0,2.0,,,,,,,244.52409212,,
2023,3,27,270050993,4,10,2,2.0,,2.0,1.0,1,4,25,3,6,2,4,3.0,2.0,1.0,9.0,1.0,2.0,4.0,44.0,117.95296116,1000.0,1000.0
2025,2,53,530043825,1,12,5,,,,,1,4,0,3,5,1,1,,,,,,,,,572.80228692,,
2023,1,25,250003072,2,10,3,,,,,1,4,20,3,5,2,4,3.0,2.0,,,,,,,145.1345309,,
2025,3,41,410060286,1,12,4,,,,,1,1,14,3,4,2,4,2.0,1.0,,,,,,,433.83157823,,
2024,1,43,430184857,11,11,3,,,,,2,1,12,3,4,2,4,2.0,1.0,,,,,,,280.40677949,,
2025,2,35,350308646,10,11,1,4.0,,2.0,1.0,2,2,53,1,2,1,1,2.0,2.0,11.0,9.0,,,3.0,12.0,737.18696238,1000.0,1000.0
2025,1,32,320076885,5,12,2,,,,,2,4,13,3,3,1,4,2.0,1.0,,,,,,,214.62582024,,
2025,1,13,130027234,9,12,2,4.0,,2.0,1.0,1,1,31,3,4,1,4,3.0,2.0,11.0,9.0,,,1.0,24.0,524.3852093,300.0,300.0
2023,4,27,270043030,12,11,1,4.0,,2.0,1.0,2,4,45,1,4,1,2,2.0,2.0,11.0,9.0,,,4.0,14.0,139.31607142,1200.0,1200.0
2025,1,43,430128290,12,12,2,,,,,2,1,85,6,2,1,4,2.0,2.0,,,,,,,189.20131745,,
2023,4,21,210062401,13,11,2,,,,,1,4,47,2,3,1,4,5.0,2.0,,,,,,,423.47241811,,
2025,1,42,420096429,10,11,2,1.0,,1.0,1.0,2,4,35,12,4,1,4,5.0,2.0,4.0,5.0,1.0,2.0,3.0,52.0,348.08326446,2300.0,3000.0
2024,2,29,290077428,8,11,2,6.0,,1.0,1.0,1,1,27,8,2,1,4,5.0,2.0,8.0,8.0,,2.0,4.0,44.0,1169.5674989,1800.0,1800.0
2024,2,13,130120277,14,11,2,9.0,2.0,2.0,1.0,1,4,69,2,3,2,4,1.0,2.0,1.0,6.0,1.0,,4.0,40.0,75.6490652,200.0,0.0
2025,4,27,270096245,5,12,4,,,,,1,4,17,3,6,2,4,4.0,1.0,,,,,,,125.6315164,,
2025,2,33,330204738,1,12,1,1.0,,1.0,1.0,2,1,43,1,2,1,1,7.0,2.0,9.0,2.0,4.0,2.0,4.0,28.0,459.52441498,15000.0,15000.0
2025,3,42,420337425,7,12,1,1.0,,1.0,1.0,1,1,52,1,3,1,4,5.0,2.0,2.0,3.0,4.0,2.0,4.0,44.0,363.2432688,15000.0,15000.0
2023,4,26,260084468,9,11,3,,,,2.0,2,1,21,3,3,1,2,6.0,1.0,,,,,,,470.51614194,,
2023,3,29,290102478,6,10,1,,,,,2,4,67,1,1,2,4,2.0,2.0,,,,,,,236.74442263,,
2023,2,41,410157174,1,11,1,9.0,1.0,1.0,1.0,2,1,31,1,3,1,1,7.0,2.0,4.0,3.0,1.0,,4.0,60.0,1396.71265199,8000.0,8000.0
2024,3,35,350096650,10,11,3,9.0,2.0,2.0,1.0,1,1,31,10,3,1,4,2.0,2.0,7.0,9.0,1.0,,4.0,48.0,1479.03296748,1412.0,1000.0
2025,1,27,270009783,10,11,3,,,,,2,4,11,3,4,2,4,2.0,1.0,,,,,,,103.79118239,,
2024,1,11,110020753,7,10,7,,,,,2,4,7,8,9,2,4,2.0,1.0,,,,,,,165.24461559,,
2025,1,21,210052370,5,12,1,,,,,2,2,67,1,2,1,4,2.0,2.0,,,,,,,123.9940423,,
2024,2,29,290154487,4,11,1,,,,,2,4,57,1,2,1,4,1.0,2.0,,,,,,,788.80938107,,
2025,2,32,320053074,3,11,3,2.0,,2.0,1.0,2,2,38,3,3,2,4,7.0,2.0,4.0,5.0,1.0,1.0,2.0,30.0,114.21181079,700.0,700.0
2025,2,25,250018269,2,12,1,,,,,2,4,45,1,3,1,4,2.0,2.0,,,,,,,214.94846752,,
2023,2,29,290293625,12,11,3,,,,2.0,1,1,29,3,3,1,1,7.0,2.0,,,,,,,716.59905097,,
2024,3,33,330274155,1,11,1,9.0,1.0,2.0,1.0,2,4,86,1,3,1,4,2.0,2.0,10.0,5.0,1.0,,4.0,20.0,433.49979984,1412.0,1412.0
2024,1,23,230212135,8,11,1,,,,,1,4,69,1,2,1,4,1.0,2.0,,,,,,,277.23707867,,
2023,1,21,210045329,3,10,4,,,,,1,4,18,3,6,2,4,3.0,1.0,,,,,,,141.72291549,,
2025,4,50,500117999,4,13,1,1.0,,1.0,1.0,1,2,46,1,4,2,4,2.0,2.0,1.0,6.0,3.0,2.0,4.0,66.0,60.98020959,2300.0,2300.0
2025,4,51,510158040,12,12,1,9.0,1.0,1.0,1.0,2,1,32,1,4,1,4,5.0,2.0,1.0,6.0,1.0,,4.0,20.0,718.27541544,300.0,300.0
2024,3,25,250070680,6,11,2,8.0,2.0,2.0,1.0,1,1,31,3,2,1,4,5.0,2.0,2.0,1.0,1.0,,4.0,40.0,704.50371083,800.0,800.0
2023,1,32,320017213,2,10,1,6.0,,1.0,1.0,2,4,37,1,7,1,2,7.0,2.0,9.0,2.0,,1.0,2.0,40.0,261.10147226,5000.0,7500.0
2023,3,51,510069488,6,11,4,9.0,2.0,2.0,1.0,1,4,28,5,4,1,4,5.0,2.0,4.0,5.0,1.0,,4.0,44.0,159.68480563,3000.0,3000.0
2023,1,17,170017158,6,10,1,,,,,2,4,42,1,4,1,4,5.0,2.0,,,,,,,318.37536503,,
2025,2,23,230072041,6,12,3,,,,,2,4,5,3,4,1,2,1.0,1.0,,,,,,,224.91072196,,
2024,3,13,130072526,6,11,1,1.0,,1.0,1.0,2,4,33,1,5,1,1,2.0,2.0,6.0,5.0,2.0,2.0,3.0,44.0,562.13398073,1600.0,1600.0
2024,2,41,410152275,1,11,2,1.0,,1.0,1.0,1,1,37,3,5,1,4,5.0,2.0,4.0,5.0,1.0,2.0,4.0,60.0,524.23036819,1420.0,1420.0
2024,2,15,150031820,8,11,3,,,,,2,4,74,6,3,1,1,2.0,2.0,,,,,,,463.45761865,,
2024,1,53,530049375,10,11,1,1.0,,1.0,1.0,2,4,50,1,2,1,1,7.0,2.0,9.0,3.0,4.0,2.0,4.0,40.0,641.1399074,2500.0,2500.0
2023,2,31,310227290,3,10,4,,,,,1,4,0,3,4,2,4,,,,,,,,,138.74373688,,
2024,1,22,220022238,7,11,2,9.0,2.0,2.0,1.0,1,1,50,2,4,1,3,5.0,2.0,3.0,7.0,1.0,,4.0,24.0,191.96884263,1000.0,1000.0
2025,3,15,150194653,10,12,3,2.0,,2.0,1.0,1,4,24,3,3,2,4,5.0,2.0,2.0,9.0,1.0,2.0,3.0,56.0,280.63937318,3000.0,3000.0
2024,3,15,150154783,11,12,1,9.0,2.0,2.0,1.0,2,4,40,1,4,1,1,5.0,2.0,9.0,2.0,1.0,,2.0,19.0,826.10871761,700.0,700.0
2024,1,27,270030760,6,11,2,4.0,,2.0,1.0,2,4,49,2,3,2,4,1.0,2.0,11.0,9.0,,,4.0,45.0,85.87432982,1412.0,1412.0
2025,2,43,430095382,7,12,1,1.0,,1.0,1.0,2,1,25,1,3,1,4,5.0,2.0,4.0,4.0,2.0,2.0,2.0,44.0,824.39145457,2000.0,2000.0
2023,3,29,290283340,13,11,2,,,,,2,4,37,2,4,1,4,5.0,2.0,,,,,,,1009.77011204,,
2023,1,21,210161379,14,10,2,9.0,1.0,2.0,1.0,2,1,55,2,3,1,4,5.0,2.0,4.0,5.0,1.0,,4.0,48.0,195.2008424,2000.0,2000.0
2023,4,23,230112353,5,10,2,,,,,2,4,52,3,4,1,4,1.0,2.0,,,,,,,305.25516706,,
2024,4,41,410021408,2,11,1,,,,,2,4,45,1,3,2,4,2.0,2.0,,,,,,,74.61650794,,
2024,1,31,310131037,3,11,2,1.0,,1.0,1.0,1,2,38,2,2,1,4,5.0,2.0,2.0,3.0,4.0,2.0,3.0,40.0,709.59587544,2000.0,3200.0
2023,4,52,520027684,11,10,2,,,,,2,1,36,2,3,1,2,5.0,2.0,,,,,,,528.29404329,,
2023,3,35,350066521,6,11,1,9.0,2.0,2.0,1.0,2,4,61,1,3,1,2,3.0,2.0,2.0,7.0,1.0,,4.0,40.0,1405.30816863,1800.0,1800.0
2025,3,21,210021357,13,12,1,9.0,2.0,2.0,1.0,1,4,51,1,2,2,4,1.0,2.0,1.0,9.0,1.0,,4.0,30.0,97.61595715,500.0,0.0
2025,4,27,270072707,10,12,1,1.0,,1.0,1.0,1,1,29,1,1,1,1,6.0,2.0,2.0,7.0,4.0,2.0,4.0,44.0,668.73020036,3000.0,7000.0
2024,4,15,150048539,8,12,2,6.0,,1.0,1.0,2,4,51,2,3,2,4,3.0,2.0,9.0,5.0,,1.0,2.0,40.0,376.1033715,1412.0,1800.0
2025,2,52,520021900,2,12,3,,,,,2,1,18,3,3,1,2,5.0,1.0,,,,,,,1453.545388,,
2024,2,53,530032372,7,11,4,,,,,2,4,21,3,4,1,1,7.0,1.0,,,,,,,352.28635247,,
2025,4,53,530091432,2,12,1,,,,,2,4,39,1,3,1,1,5.0,2.0,,,,,,,349.02816911,,
2024,3,21,210008601,6,11,1,,,,,1,4,72,1,1,1,4,1.0,2.0,,,,,,,347.30376726,,
2025,3,27,270001836,10,12,1,,,,,2,2,64,1,4,1,1,4.0,2.0,,,,,,,183.34195305,,
2023,3,23,230049329,14,11,1,,,,,2,4,75,1,1,1,2,1.0,2.0,,,,,,,372.50730262,,
2024,3,29,290098470,5,11,2,,,,,1,2,43,3,3,1,4,2.0,2.0,,,,,,,403.83243444,,
2025,3,29,290113850,3,12,1,,,,2.0,1,4,55,1,1,2,4,1.0,2.0,,,,,,,338.56128494,,
2024,3,43,430213569,3,11,1,5.0,,1.0,1.0,1,4,25,1,2,1,4,6.0,1.0,9.0,5.0,,1.0,4.0,40.0,968.48442937,4000.0,4000.0
2025,1,35,350361020,1,11,1,4.0,,2.0,1.0,2,1,65,1,3,1,4,5.0,2.0,11.0,9.0,,,4.0,15.0,383.73429315,500.0,500.0
2023,3,22,220000315,5,11,1,,,,,1,4,57,1,3,2,4,2.0,2.0,,,,,,,200.3664665,,
2025,2,42,420176065,14,12,2,,,,,1,1,96,6,4,1,1,2.0,2.0,,,,,,,390.04969524,,
2025,1,42,420115303,14,12,2,1.0,,1.0,1.0,2,4,27,3,3,1,4,4.0,2.0,2.0,8.0,4.0,2.0,4.0,44.0,297.289696,2300.0,2300.0
2024,2,43,430251224,9,11,2,1.0,,1.0,1.0,1,1,33,2,6,1,4,6.0,1.0,2.0,3.0,4.0,2.0,3.0,44.0,692.64164949,5000.0,5000.0
2025,1,22,220015838,12,11,2,,,,,2,4,59,2,2,2,4,2.0,2.0,,,,,,,209.7576336,,
2024,3,42,420071353,10,12,3,1.0,,1.0,1.0,2,1,18,8,3,1,1,5.0,1.0,9.0,2.0,3.0,2.0,4.0,40.0,203.18910101,1601.0,1601.0
2023,1,33,330308254,10,10,7,,,,,2,1,75,6,7,1,1,3.0,2.0,,,,,,,669.43745566,,
2024,2,29,290139092,10,11,2,,,,,2,2,20,3,3,2,4,5.0,2.0,,,,,,,562.92732412,,
2024,3,42,420094622,8,12,3,7.0,,1.0,1.0,2,1,30,3,4,1,4,7.0,2.0,8.0,10.0,,2.0,4.0,40.0,333.45147541,6000.0,6000.0
2025,3,42,420226634,14,12,1,9.0,2.0,1.0,1.0,1,1,25,1,3,2,4,5.0,2.0,1.0,6.0,1.0,,4.0,60.0,193.38059417,3000.0,3000.0
2025,2,21,210009523,4,12,2,,,,,2,1,45,2,4,1,4,5.0,2.0,,,,,,,247.7076719,,
2023,4,31,310389035,10,11,1,,,,,2,4,74,1,2,2,4,1.0,2.0,,,,,,,181.78951294,,
2023,1,25,250009258,8,10,4,,,,,1,1,5,3,4,1,4,1.0,1.0,,,,,,,425.0728483,,
2023,4,35,351286930,13,11,3,,,,,1,2,11,3,6,1,4,2.0,1.0,,,,,,,3437.28725801,,
2024,2,41,410267210,3,11,2,2.0,,2.0,1.0,2,4,40,3,3,1,4,2.0,2.0,4.0,5.0,1.0,2.0,1.0,40.0,555.24079981,1412.0,1412.0
2023,2,28,280002382,9,10,1,,,,,2,1,76,1,3,1,4,1.0,2.0,,,,,,,155.87374467,,
2023,4,21,210164917,1,10,3,,,,,1,4,18,3,3,1,4,4.0,1.0,,,,,,,307.31515534,,
2025,4,31,310694634,9,13,2,,,,,2,4,63,2,3,2,4,2.0,2.0,,,,,,,341.47843741,,
2023,3,35,350691954,7,11,3,,,,,2,5,14,3,3,1,2,2.0,1.0,,,,,,,2144.76727963,,
2024,1,32,320095507,7,11,1,9.0,1.0,1.0,1.0,2,2,46,1,2,1,2,7.0,2.0,6.0,2.0,1.0,,4.0,40.0,180.94180691,3000.0,3000.0
2025,2,53,530031270,14,12,3,,,,,2,1,30,3,4,1,1,1.0,2.0,,,,,,,769.5890883,,
2024,1,50,500007165,1,11,1,,,,,2,4,54,1,3,1,4,2.0,2.0,,,,,,,252.28220662,,
2024,2,35,351129853,11,11,2,1.0,,1.0,1.0,2,1,28,2,2,1,2,7.0,2.0,4.0,5.0,4.0,2.0,4.0,44.0,1058.96268563,3000.0,8000.0
2024,1,29,290341609,13,11,1,,,,,2,4,60,1,3,1,4,5.0,2.0,,,,,,,1708.75033592,,
2025,2,43,430091658,1,12,2,4.0,,2.0,1.0,1,4,27,3,2,1,4,5.0,2.0,11.0,6.0,,,2.0,5.0,882.96363015,800.0,200.0
2023,4,51,510012814,13,11,5,,,,,2,1,19,3,6,1,2,6.0,1.0,,,,,,,120.53385838,,
2024,4,21,210030772,11,12,2,6.0,,2.0,1.0,2,4,49,2,3,2,4,7.0,2.0,9.0,2.0,,1.0,4.0,20.0,168.23097912,1420.0,1420.0
2023,2,15,150073577,7,10,1,2.0,,2.0,1.0,1,4,53,1,2,1,4,2.0,2.0,4.0,7.0,1.0,2.0,3.0,56.0,475.07017525,800.0,800.0
2024,4,31,310144961,6,11,2,4.0,,2.0,1.0,2,1,58,6,2,1,4,3.0,2.0,11.0,5.0,,,4.0,108.0,723.17617738,2212.0,2220.0
2025,3,42,420248786,8,12,3,,,,,1,1,88,7,3,2,4,2.0,2.0,,,,,,,125.36824117,,
2023,2,31,310536640,12,11,2,,,,,2,4,78,2,2,1,4,2.0,2.0,,,,,,,592.74074491,,
2024,1,29,290062982,8,11,2,2.0,,2.0,1.0,2,4,29,2,3,1,4,7.0,2.0,9.0,2.0,3.0,2.0,4.0,44.0,885.65606447,2000.0,2000.0
2023,2,32,320004426,9,10,2,8.0,1.0,1.0,1.0,1,1,51,2,4,1,2,7.0,2.0,9.0,2.0,1.0,,4.0,44.0,307.52736864,40000.0,40000.0
2024,2,26,260017506,14,11,3,,,,,2,4,9,3,5,1,1,2.0,1.0,,,,,,,387.85675748,,
2023,4,27,270067102,8,11,2,,,,,1,4,36,2,6,2,4,2.0,2.0,,,,,,,77.0384146,,
2023,3,43,430195415,9,10,1,9.0,1.0,1.0,1.0,2,1,40,1,3,1,1,5.0,2.0,5.0,8.0,1.0,,4.0,72.0,271.19518277,3000.0,3000.0
2024,2,17,170023836,13,11,1,,,,,2,4,92,1,1,1,4,2.0,2.0,,,,,,,179.25852748,,
2023,2,35,350034605,14,11,2,,,,2.0,2,1,50,2,3,1,4,5.0,2.0,,,,,,,3302.85407432,,
2024,4,17,170045654,2,12,1,,,,,1,4,79,1,2,2,4,1.0,2.0,,,,,,,32.47697825,,
2023,1,14,140006064,8,10,2,,,,,1,2,60,2,10,1,1,5.0,2.0,,,,,,,93.08164955,,
2025,1,52,520052090,3,12,4,,,,,2,1,14,3,4,1,2,2.0,1.0,,,,,,,329.5601848,,
2023,1,22,220001832,12,10,2,,,,,2,4,44,2,3,1,4,2.0,2.0,,,,,,,668.89571777,,
2023,2,33,330198320,11,10,1,4.0,,2.0,1.0,2,4,42,1,2,1,4,4.0,2.0,11.0,9.0,,,2.0,20.0,818.07241162,200.0,200.0
2023,4,14,140003135,6,10,1,6.0,,2.0,1.0,2,4,26,1,3,1,1,7.0,1.0,7.0,3.0,,1.0,2.0,30.0,77.84298019,800.0,800.0
2025,3,35,351266271,14,12,2,1.0,,1.0,1.0,2,1,50,2,2,1,1,7.0,2.0,9.0,2.0,3.0,2.0,4.0,44.0,209.64179085,4000.0,4000.0
2024,2,13,130113622,10,11,8,,,,,2,4,16,8,10,1,1,2.0,1.0,,,,,,,392.60021939,,
2023,2,24,240017494,1,10,3,,,,,2,1,12,3,4,1,4,2.0,1.0,,,,,,,232.94220184,,
